Index,Artist Name,Track Name,Release Date,Danceability,Energy,Key,Loudness,Mode,Speechiness,Accousticness,Instrumentalness,Liveness,Valence,Tempo,Duration MS,Time Signature
1,Radiohead,Creep,2008-04-07,0.515,0.43,7,-9.935,1,0.0369,0.0102,0.000141,0.129,0.104,91.841,238640,4
2,Johnny Cash,Hurt,2002-01-01,0.536,0.4,9,-7.717,0,0.0263,0.666,0.000906,0.0841,0.146,90.32,218533,4
3,R.E.M.,Everybody Hurts,1992-10-05,0.254,0.383,2,-8.036,1,0.0282,0.614,0.0237,0.172,0.178,188.2,318240,3
4,Eric Clapton,Tears in Heaven,1999-10-12,0.498,0.242,9,-12.238,1,0.0257,0.835,0.536,0.133,0.312,153.744,271760,4
5,3 Doors Down,Here Without You,2002-11-12,0.557,0.533,10,-6.817,0,0.0252,0.0492,0,0.205,0.233,143.994,238733,4
6,Sting,Shape Of My Heart,1993-03-09,0.537,0.373,6,-10.081,0,0.0331,0.691,0.000915,0.083,0.244,83.936,279227,4
7,Evanescence,My Immortal,2003-03-04,0.19,0.265,9,-9.206,1,0.0356,0.863,0,0.134,0.101,79.012,262533,4
8,Chris Isaak,Wicked Game,2006,0.667,0.548,9,-7.802,1,0.0262,0.744,0.0122,0.0946,0.29,112.549,286880,4
9,No Doubt,Don't Speak,1995-10-10,0.522,0.707,5,-7.113,0,0.0354,0.24,2.04e-05,0.156,0.572,76.05,263000,4
10,Heart,Alone,1987-06-06,0.418,0.452,1,-13.099,1,0.0356,0.638,0.00026,0.0959,0.168,175.088,218733,4
11,Coldplay,The Scientist,2002-08-08,0.56,0.442,5,-7.224,1,0.0243,0.727,1.71e-05,0.11,0.212,146.448,309600,4
12,Bill Withers,Ain't No Sunshine,2000,0.535,0.469,4,-9.793,0,0.072,0.475,5.11e-05,0.104,0.429,79.264,123333,4
13,The Cranberries,When You're Gone,2002-09-16,0.452,0.522,3,-6.85,1,0.0271,0.505,2.16e-06,0.245,0.379,187.537,232280,3
14,Nate Ruess,It Only Gets Much Worse,2015-06-12,0.59,0.306,7,-4.953,1,0.0299,0.764,0,0.148,0.316,142.418,257973,4
15,Sinéad O'Connor,Nothing Compares 2 U,1997-11-10,0.511,0.574,5,-7.016,1,0.0273,0.0425,2.33e-05,0.105,0.161,119.917,280040,4
16,Hozier,Take Me To Church,2014-05-20,0.566,0.664,4,-5.303,0,0.0464,0.634,0,0.116,0.437,128.945,241688,4
17,Gilbert O'Sullivan,Alone Again (Naturally),1972-01-01,0.558,0.464,8,-8.488,0,0.0354,0.583,0.000133,0.159,0.559,171.762,217729,4
18,The Fray,How to Save a Life,2005-09-13,0.64,0.743,10,-4.08,1,0.0379,0.269,0,0.101,0.361,122.035,262533,4
19,James Blunt,You're Beautiful,2005-08-08,0.675,0.479,0,-9.87,0,0.0278,0.633,1.76e-05,0.088,0.454,81.998,209493,4
20,Tom Odell,Sirens,2013-06-24,0.458,0.573,10,-8.38,1,0.0303,0.495,3.58e-05,0.0974,0.206,147.229,220373,4
21,Coldplay,We Never Change,2000-07-10,0.434,0.286,6,-10.803,0,0.0296,0.533,0.000164,0.105,0.122,136.924,249400,3
22,Rag'n'Bone Man,Disfigured,2015-03-08,0.457,0.474,2,-5.38,0,0.0315,0.612,0,0.113,0.39,71.987,189613,4
23,Band of Horses,No One's Gonna Love You,2007-10-09,0.313,0.894,1,-3.579,1,0.0294,0.121,0,0.0925,0.362,149.043,217333,4
24,Mumford & Sons,Awake My Soul,2009,0.262,0.466,2,-9.785,1,0.0341,0.0621,0.0273,0.0913,0.254,85.522,255827,1
25,Of Gentlemen & Cowards,Cold Love,2017-01-27,0.502,0.447,5,-6.331,1,0.0257,0.459,0,0.199,0.392,78.245,208065,4
26,The Lumineers,Stubborn Love,2012,0.596,0.544,0,-11.759,1,0.0362,0.604,0.017,0.262,0.262,115.022,279000,4
27,Savage Garden,Truly Madly Deeply,1997-03-04,0.555,0.698,0,-8.874,1,0.0287,0.403,0,0.0851,0.816,168.12,277267,4
28,Little Joy,With Strangers,2008-11-04,0.464,0.251,0,-11.393,0,0.0323,0.987,0.441,0.109,0.487,89.607,171933,4
29,James Blunt,Goodbye My Lover,2005-10-04,0.432,0.261,4,-12.591,1,0.0512,0.953,0.00342,0.0903,0.273,89.567,258653,4
30,Passenger,Let Her Go,2012-11-05,0.509,0.538,7,-7.335,1,0.0572,0.385,0,0.104,0.244,75.089,252867,4
31,Coldplay,Another's Arms,2014-05-19,0.518,0.572,8,-9.037,1,0.0291,0.00715,0.256,0.139,0.347,160.005,234413,4
32,Sarah McLachlan,I Will Remember You,2013-09-13,0.604,0.351,9,-11.482,1,0.0314,0.765,0.000345,0.0743,0.178,140.03,291453,4
33,Eric Carmen,All by Myself,2009-02-09,0.395,0.466,7,-8.633,0,0.0322,0.714,0.478,0.258,0.192,116.966,291600,4
34,Imagine Dragons,Next To Me,2017-06-23,0.296,0.683,2,-4.413,1,0.0632,0.284,7.74e-05,0.0418,0.398,171.365,230289,3
35,Adele,Someone Like You,2011-01-19,0.554,0.321,9,-8.251,1,0.028,0.893,0,0.0996,0.288,135.047,285240,4
36,City and Colour,Like Knives,2005-10-04,0.287,0.481,11,-7.514,1,0.03,0.418,9.1e-05,0.108,0.356,80.253,270627,4
37,Colin Hay,I Just Don't Think I'll Ever Get Over You,2009-04-21,0.542,0.124,0,-19.375,1,0.0341,0.84,0.0878,0.101,0.264,79.258,328560,4
38,Steve Earle,Lonelier Than This,2000-06-06,0.463,0.314,11,-14.413,1,0.0347,0.358,0.428,0.0636,0.181,161.988,191667,4
39,Backstreet Boys,Show Me the Meaning of Being Lonely,2011-10-21,0.623,0.553,6,-7.421,0,0.0255,0.241,0,0.08,0.666,167.978,234573,4
40,Avril Lavigne,When You're Gone,2007-04-13,0.458,0.719,4,-3.921,0,0.0323,0.189,0,0.228,0.168,142.032,240493,4
41,Coldplay,Us Against the World,2011-10-24,0.511,0.304,0,-11.096,1,0.0279,0.845,1.03e-05,0.0741,0.195,112.379,239767,3
42,The Black Keys,These Days,2010-05-18,0.436,0.288,7,-10.726,1,0.0315,0.746,0.00208,0.098,0.268,117.482,311840,4
43,Damien Rice,I Don't Want to Change You,2014-09-24,0.41,0.306,4,-9.704,0,0.0348,0.472,3.28e-05,0.12,0.166,141.565,326206,4
44,P!nk,Just Give Me a Reason,2012-09-17,0.778,0.547,2,-7.273,1,0.0489,0.346,0.000302,0.132,0.441,95.002,242733,4
45,Harry Styles,Sign of the Times,2017-04-07,0.518,0.575,5,-4.616,1,0.0302,0.0259,0,0.109,0.209,120.019,340707,4
46,Ed Sheeran,Photograph,2014-06-20,0.614,0.379,4,-10.48,1,0.0476,0.607,0.000464,0.0986,0.201,107.989,258987,4
47,The Fray,Never Say Never,2009-02-02,0.23,0.492,8,-5.767,1,0.0317,0.568,8.18e-06,0.176,0.262,160.139,256613,4
48,Broken Bells,Leave It Alone,2014-01-31,0.499,0.444,1,-8.749,1,0.026,0.641,0.00348,0.122,0.484,141.987,330853,4
49,José González,Heartbeats,2003,0.552,0.15,3,-16.746,1,0.0347,0.974,0.731,0.0698,0.316,87.485,160240,4
50,Chris Medina,What Are Words,2011-01-01,0.596,0.252,0,-7.105,1,0.032,0.814,0,0.0894,0.38,123.848,187440,4
51,Lera Lynn,The Only Thing Worth Fighting For - From The HBO Series True Detective,2015-06-16,0.541,0.18,9,-12.667,0,0.0353,0.98,0.00101,0.11,0.116,112.741,196613,4
52,Hozier,Take Me to Church,2014-10-07,0.575,0.664,4,-5.303,0,0.0481,0.637,0,0.116,0.437,129.07,241693,4
53,KALEO,I Can't Go on Without You,2015-08-05,0.368,0.267,8,-9.395,0,0.0428,0.655,2.24e-05,0.0834,0.194,91.88,377000,4
54,Sturgill Simpson,Sing Along,2019-09-27,0.489,0.957,7,-2.812,1,0.056,0.0115,0.000405,0.173,0.53,124.026,174568,4
55,Tyler Childers,House Fire,2019-08-02,0.519,0.707,5,-8.424,1,0.0272,0.241,0.102,0.267,0.545,93.348,232973,4
56,Damien Rice,9 Crimes,2006-11-07,0.329,0.167,0,-13.103,1,0.0296,0.913,9.56e-05,0.0921,0.0995,74.174,219227,4
57,Florence + The Machine,Jenny of Oldstones (Game of Thrones),2019-04-22,0.27,0.195,1,-10.653,0,0.0797,0.931,9.73e-06,0.0949,0.171,46.489,188639,4
58,The Deep Dark Woods,The Place I Left Behind,2011-01-01,0.49,0.463,9,-8.455,1,0.0326,0.159,0.0771,0.117,0.409,125.989,244840,4
59,Jeff Buckley,Nightmares By The Sea,1998-05-26,0.627,0.853,8,-5.789,1,0.074,0.136,0.0359,0.0786,0.437,134.842,231133,4
60,Ben Howard,In Dreams,2014-10-20,0.49,0.592,0,-13.54,1,0.0405,0.614,0.713,0.136,0.28,126.621,213440,4
61,The Milk Carton Kids,I'll Be Gone,2019-09-27,0.593,0.447,7,-10.497,0,0.0325,0.862,8.78e-05,0.116,0.194,114.233,144947,4
62,Hozier,It Will Come Back,2014-10-07,0.501,0.446,0,-7.7,0,0.0338,0.379,4.83e-06,0.159,0.154,86.424,277653,4
63,The National,I Need My Girl,2013-05-27,0.523,0.438,0,-11.49,0,0.0356,0.867,0.0723,0.123,0.106,126.028,245240,4
64,Of Monsters and Men,I Of The Storm,2015-06-09,0.384,0.458,2,-9.81,1,0.0331,0.152,0.0148,0.102,0.125,176.527,276453,4
65,Blanco White,Nocturne,2018-06-01,0.48,0.303,2,-13.189,0,0.0302,0.949,0.196,0.155,0.192,127.017,268627,3
66,Damien Rice,Volcano,2003-06-03,0.514,0.289,0,-12.928,1,0.0524,0.578,1.84e-06,0.13,0.437,153.742,278600,4
67,William Crighton,Smile,2016-03-18,0.321,0.58,1,-9.937,1,0.0341,0.0602,0.146,0.253,0.329,113.791,362280,4
68,The Deep Dark Woods,Drifting on a Summer's Night,2017-06-23,0.513,0.493,2,-8.726,1,0.025,0.459,0.0942,0.112,0.53,77.818,174867,1
69,alt-J,Every Other Freckle,2014-08-15,0.543,0.707,2,-7.636,1,0.07,0.614,0.0414,0.118,0.515,143.915,216000,4
70,King Charles,Loose Change for the Boatman,2016-01-22,0.267,0.672,4,-4.65,1,0.0373,0.0589,0.00026,0.102,0.143,170.152,242253,4
71,The Cactus Blossoms,Please Don't Call Me Crazy,2019-03-01,0.442,0.554,0,-7.664,1,0.0268,0.19,0.0452,0.128,0.488,139.291,186653,4
72,Hozier,Angel of Small Death and the Codeine Scene,2013-09-13,0.311,0.656,4,-6.752,1,0.0952,0.163,7.05e-06,0.126,0.297,188.171,218987,4
73,Laura Marling,Devil's Resting Place,2013-05-28,0.221,0.59,2,-12.299,0,0.0916,0.515,0.0636,0.0934,0.713,179.267,194467,4
74,Ben Howard,Esmerelda,2012-01-01,0.341,0.583,2,-9.628,0,0.0408,0.87,0.347,0.262,0.408,172.268,284549,4
75,Tash Sultana,Notion,2016-06-17,0.352,0.414,4,-6.6,0,0.0254,0.391,0.00831,0.185,0.0688,60.042,341000,4
76,Sam Outlaw,Trouble,2017-04-14,0.536,0.79,5,-3.782,1,0.0398,0.00438,1.67e-05,0.103,0.504,127.99,180187,4
77,Bear's Den,When You Break,2013-08-27,0.507,0.505,5,-10.953,0,0.0443,0.587,0.00285,0.124,0.162,141.006,285678,4
78,Strand of Oaks,Sleeping Pills,2012-07-24,0.32,0.108,11,-21.159,0,0.0335,0.891,0.000701,0.294,0.162,85.936,151062,4
79,Orville Peck,Big Sky,2019-03-22,0.473,0.28,7,-12.862,1,0.0388,0.831,0.102,0.181,0.198,109.585,212253,4
80,Emily Jane White,Washed Away,2019-10-11,0.506,0.385,10,-10.133,1,0.0262,0.738,0.00572,0.109,0.161,86.741,236365,3
81,Hozier,Arsonist's Lullabye,2014-03-09,0.463,0.373,6,-10.666,0,0.0362,0.673,0.0745,0.118,0.184,64.831,266547,4
82,Joy Williams,Hush - Theme From Turn,2014-01-01,0.5,0.421,0,-10.709,1,0.0278,0.83,0.625,0.127,0.284,134.937,197240,3
83,Ben Howard,I Forget Where We Were,2014-10-20,0.305,0.462,0,-9.57,1,0.0338,0.475,0.122,0.0916,0.181,113.468,281213,4
84,Emma Ruth Rundle,Marked for Death,2016-09-30,0.284,0.437,10,-7.821,1,0.0382,0.721,0.00924,0.124,0.0629,76.928,219760,4
85,Molly Tuttle,Take The Journey,2019-04-05,0.569,0.675,0,-8.012,0,0.0349,0.115,0.000965,0.236,0.384,121.705,162674,4
86,Florence + The Machine,What Kind Of Man,2015-06-01,0.313,0.635,11,-4.676,0,0.0431,0.0229,0,0.129,0.224,114.776,216176,4
87,Sam Airey,Stars,2014-06-23,0.474,0.0704,2,-16.922,0,0.0438,0.902,0.00116,0.117,0.106,118.577,321058,4
88,Orville Peck,Take You Back (The Iron Hoof Cattle Call),2019-03-22,0.68,0.558,7,-9.468,1,0.0412,0.781,0.0363,0.147,0.472,104.004,207933,4
89,Agnes Obel,Riverside,2010,0.648,0.189,9,-13.553,0,0.0311,0.984,0.000375,0.132,0.231,98.891,230547,3
90,Laura Marling,Devil's Spoke,2010,0.447,0.568,2,-9.172,1,0.0423,0.473,0.00028,0.0824,0.309,117.561,218188,4
91,Simon Herron,All That You Know - Original Mix,2013-12-30,0.502,0.351,2,-11.783,0,0.0296,0.519,0.474,0.109,0.173,145.065,208031,4
92,whenyoung,Sleeper,2018-11-09,0.526,0.244,9,-11.706,0,0.0255,0.726,9.58e-06,0.12,0.142,82.105,276286,4
93,The Highwomen,Highwomen,2019-08-13,0.554,0.47,8,-6.604,0,0.0548,0.77,2.6e-06,0.106,0.346,95.598,212480,4
94,Vera Sola,The Cage,2018-11-09,0.319,0.428,1,-11.432,0,0.0341,0.355,0.0948,0.105,0.127,143.319,280126,4
95,The National,The System Only Dreams in Total Darkness,2017-05-11,0.596,0.912,0,-6.74,0,0.211,0.156,0.794,0.584,0.371,110.013,236747,4
96,Ben Howard,Nica Libres At Dusk,2018-06-01,0.453,0.426,9,-12.793,1,0.031,0.76,0.392,0.0976,0.356,148.063,394320,4
97,Rainbow Kitten Surprise,Devil Like Me,2013-11-19,0.679,0.63,2,-6.83,1,0.158,0.758,7.06e-05,0.111,0.558,123.082,188280,4
98,Pink Floyd,Hey You - 2011 Remastered Version,2011-11-07,0.588,0.301,0,-14.979,1,0.0294,0.221,0.00236,0.128,0.19,112.458,278441,4
99,Red Hot Chili Peppers,Under the Bridge,2003-11-18,0.554,0.49,4,-8.046,1,0.0457,0.0168,0.000534,0.136,0.513,84.275,265507,4
100,David Bowie,Space Oddity - 2009 Remastered Version,1969-11-04,0.337,0.365,0,-15.091,1,0.0318,0.0788,3.84e-05,0.202,0.497,136.264,317027,4
101,The Beatles,Yesterday - Remastered 2009,1965-08-06,0.332,0.179,5,-11.83,1,0.0326,0.879,0,0.0886,0.315,96.529,125667,4
102,Green Day,Boulevard of Broken Dreams,2004,0.49,0.679,8,-3.68,1,0.0309,0.00394,1.54e-05,0.0383,0.506,167.046,261267,4
103,Gary Jules,Mad World (Feat. Michael Andrews),2002-01-01,0.345,0.0581,3,-17.217,1,0.0374,0.976,0.000366,0.103,0.304,174.117,189507,4
104,The Verve,The Drugs Don't Work,1997-09-29,0.44,0.498,0,-9.788,1,0.0264,0.229,0,0.173,0.157,77.368,305067,4
105,Linkin Park,One More Light,2017-05-19,0.593,0.2,8,-11.063,1,0.0311,0.904,0,0.0897,0.17,83.966,255067,4
106,Blind Melon,Mouthful Of Cavities,1995-01-01,0.338,0.529,4,-9.864,0,0.0492,0.165,0.0162,0.344,0.445,98.098,214800,4
107,Band of Horses,The Funeral,2006-03-21,0.316,0.769,0,-5.283,0,0.0422,0.0142,0,0.0928,0.127,122.507,321147,4
108,Air Supply,All Out of Love,1980-02-25,0.512,0.262,0,-16.875,1,0.0276,0.313,5.51e-06,0.456,0.357,108.381,243000,4
109,Coldplay,Fix You,2005-06-07,0.209,0.417,3,-8.74,1,0.0338,0.164,0.00196,0.113,0.124,138.178,295533,4
110,Jeff Buckley,Last Goodbye,1994,0.492,0.845,2,-5.686,1,0.0442,0.0297,0.00121,0.209,0.495,86.988,275493,4
111,Candlebox,Cover Me,1993-07-16,0.591,0.638,7,-6.958,1,0.029,0.00619,4.69e-06,0.113,0.348,131.113,285547,4
112,Death Cab for Cutie,I Will Follow You into the Dark,2005-08-29,0.517,0.206,5,-12.233,1,0.0421,0.924,0,0.118,0.489,80.401,189187,4
113,The Smiths,"Please, Please, Please, Let Me Get What I Want - 2011 Remaster",1984,0.241,0.468,2,-9.579,1,0.0272,0.534,0,0.161,0.451,91.581,112707,3
114,Billy Raffoul,Hell or High Water - From Days Gone,2019-02-13,0.638,0.349,11,-8.858,1,0.031,0.739,0.00705,0.122,0.194,130.233,214850,4
115,Alex Turner,It's hard to get around the wind,2011-03-15,0.436,0.244,0,-19.096,1,0.0339,0.87,0.000371,0.102,0.359,145.42,247013,4
116,Sinéad O'Connor,Nothing Compares 2 U,1990-07-01,0.511,0.574,5,-7.016,1,0.0273,0.0425,2.33e-05,0.105,0.161,119.917,280040,4
117,Train,Drops of Jupiter (Tell Me),2001-03-27,0.468,0.64,0,-5.862,1,0.0275,0.154,0,0.154,0.499,79.297,259933,4
118,Coldplay,Trouble,2000-07-10,0.561,0.547,11,-7.496,0,0.0321,0.189,0.00157,0.17,0.19,139.755,273427,4
119,Ed Sheeran,I See Fire,2014-06-21,0.641,0.176,6,-11.692,1,0.0349,0.638,5.14e-06,0.252,0.297,76.031,299147,4
120,Low,Last Night I Dreamt That Somebody Loved Me,2016-02-05,0.196,0.112,4,-11.31,0,0.039,0.429,0.83,0.115,0.0431,136.896,238973,3
121,Ninet Tayeb,Self Destructive Mind,2018-09-21,0.592,0.348,9,-6.704,0,0.0249,0.193,1.84e-05,0.117,0.0614,109.978,227211,4
122,Twenty One Pilots,Stressed Out,2015-05-15,0.734,0.637,4,-5.677,0,0.141,0.0462,2.29e-05,0.0602,0.648,169.977,202333,4
123,The Shins,New Slang,2001-06-19,0.669,0.389,0,-11.547,1,0.0306,0.605,0.16,0.0905,0.649,130.015,231173,4
124,Moby,Why Does My Heart Feel So Bad?,2008-06-02,0.598,0.624,7,-6.923,1,0.0332,0.00107,0.0795,0.0826,0.0451,98.004,264827,4
125,Jake Bugg,Broken,2012-01-01,0.432,0.438,8,-8.743,1,0.0276,0.372,0.00472,0.129,0.207,119.812,247014,4
126,James Blunt,You're Beautiful,2005-10-04,0.675,0.479,0,-9.87,0,0.0278,0.633,1.76e-05,0.088,0.454,81.998,209493,4
127,John Mayer,"Free Fallin' - Live at the Nokia Theatre, Los Angeles, CA - December 2007",2008,0.315,0.296,5,-13.262,1,0.0317,0.771,0,0.702,0.436,172.638,263573,4
128,Kodaline,Blood and Bones,2017-10-13,0.471,0.354,2,-8.514,1,0.0288,0.575,4.69e-05,0.0695,0.0979,74.965,232680,4
129,Seafret,Oceans,2015-01-21,0.404,0.48,9,-8.906,0,0.0303,0.274,8.63e-06,0.132,0.2,129.162,216187,3
130,Band of Horses,No One's Gonna Love You,2007-10-09,0.313,0.894,1,-3.579,1,0.0294,0.121,0,0.0925,0.362,149.043,217333,4
131,Travis Tritt,Anymore,1995,0.533,0.365,11,-9.407,1,0.0253,0.463,1.36e-06,0.104,0.289,148.215,227600,4
132,Mayday Parade,Miserable At Best,2007-07-10,0.499,0.361,2,-10.771,1,0.0299,0.568,0,0.0991,0.422,134.894,316920,4
133,The Neighbourhood,Wires,2013-05-08,0.568,0.569,7,-6.013,0,0.0329,0.0004,0.102,0.342,0.266,72.991,193080,4
134,The 1975,I Always Wanna Die (Sometimes),2018-11-30,0.376,0.473,4,-5.636,1,0.0325,0.00527,0.00162,0.123,0.0398,148.835,314663,4
135,Coldplay,Warning Sign,2002-08-08,0.534,0.434,3,-9.423,1,0.0277,0.0932,0.0126,0.142,0.0395,140.632,331133,4
136,John Mayer,Slow Dancing in a Burning Room,2006-09-11,0.668,0.361,1,-8.69,0,0.0273,0.573,0.00506,0.0805,0.288,134.15,242000,5
137,Bright Eyes,Lua,2005-01-25,0.634,0.156,2,-17.025,1,0.0813,0.811,3.86e-05,0.0896,0.299,107.023,271600,4
138,AURORA,"Murder Song (5, 4, 3, 2, 1) - Acoustic",2015-09-04,0.479,0.0892,9,-13.723,0,0.032,0.897,2.79e-06,0.0899,0.336,77.799,218773,4
139,The Fray,You Found Me,2009-02-02,0.338,0.803,8,-5.412,0,0.0413,0.0187,0,0.136,0.4,151.994,241853,4
140,Bon Iver,Skinny Love,2007-07-08,0.565,0.257,0,-14.04,1,0.0579,0.843,3.03e-06,0.109,0.111,76.493,238520,4
141,Lukas Graham,7 Years,2015-10-22,0.765,0.473,10,-5.829,1,0.0514,0.287,0,0.391,0.34,119.992,237300,4
142,Lana Del Rey,The Blackest Day,2015-09-18,0.413,0.514,2,-7.934,1,0.0327,0.349,0.000624,0.0807,0.148,107.641,365760,4
143,John Mayer,Gravity,2006,0.764,0.326,7,-9.883,1,0.0342,0.731,0.0013,0.24,0.237,123.98,245827,3
144,P!nk,I Don't Believe You,2008-10-24,0.324,0.274,8,-9.077,1,0.0311,0.754,0,0.107,0.239,115.981,276280,5
145,Avril Lavigne,I'm with You,2002-08-26,0.457,0.406,9,-7.462,1,0.0291,0.08,0,0.117,0.208,151.95,223067,3
146,Jasper Steverlinck,That's Not How Dreams Are Made,2017-08-25,0.517,0.0507,4,-15.865,0,0.0435,0.932,0.14,0.111,0.125,75.936,199239,4
147,Kodaline,High Hopes,2013-06-14,0.488,0.487,4,-6.371,1,0.0307,0.577,0,0.193,0.217,77.344,230267,4
148,Bastille,World Gone Mad,2017-11-09,0.505,0.68,6,-3.423,0,0.0336,0.283,0,0.175,0.362,139.843,195701,4
149,Reggii,1-800-273-8255,2017-10-06,0.62,0.138,7,-13.917,0,0.0439,0.909,0,0.111,0.363,120.362,273065,4
150,Adele,Hello,2015-10-23,0.471,0.431,5,-6.129,0,0.0342,0.329,0,0.0854,0.289,157.98,295502,4
151,Paul Young,Every Time You Go Away - Radio Edit,1991-09-07,0.572,0.721,5,-8.959,1,0.0402,0.187,7.41e-06,0.216,0.844,164.252,267000,4
152,P!nk,Try,2012-09-18,0.673,0.629,2,-7.072,1,0.0299,0.00141,0,0.0944,0.551,103.998,247907,4
153,Ed Sheeran,Photograph,2014-06-21,0.614,0.379,4,-10.48,1,0.0476,0.607,0.000464,0.0986,0.201,107.989,258987,4
154,The Perishers,Pills,2005-04-11,0.528,0.288,0,-8.608,0,0.0262,0.667,0,0.113,0.294,95.389,189240,4
155,The Lumineers,Slow It Down,2012-01-01,0.423,0.0657,1,-14.421,1,0.0386,0.928,1.4e-06,0.0922,0.105,98.489,305347,3
156,Ryan Adams,When The Stars Go Blue,2001-01-01,0.59,0.208,10,-13.25,1,0.0316,0.466,2.81e-05,0.115,0.293,90.084,211667,4
157,Kodaline,Talk,2013-06-14,0.541,0.455,1,-7.305,1,0.0306,0.531,8.71e-05,0.0689,0.169,119.985,268360,4
158,Lady A,Need You Now,2010-01-01,0.588,0.724,4,-4.379,1,0.0315,0.0348,9.52e-05,0.239,0.377,107.986,236787,4
159,Gavin Mikhail,Amnesia,2014-08-13,0.396,0.398,11,-6.15,1,0.0412,0.88,0,0.203,0.305,89.017,289756,4
160,P!nk,Just Give Me a Reason (feat. Nate Ruess),2012-09-18,0.778,0.547,2,-7.273,1,0.0489,0.346,0.000302,0.132,0.441,95.002,242733,4
161,isaac gracie,that was then,2018-04-13,0.397,0.541,3,-7.642,1,0.0271,0.507,0.000105,0.101,0.173,157.987,248874,3
162,Christina Perri,the lonely,2011-05-10,0.237,0.269,7,-9.61,0,0.0298,0.573,0.000283,0.101,0.0681,81.256,233480,4
163,Seafret,Give Me Something,2016-01-29,0.557,0.439,9,-11.153,1,0.0379,0.833,0.000331,0.108,0.115,131.667,158720,4
164,Anson Seabra,I Can't Carry This Anymore,2019-01-11,0.451,0.0873,3,-16.815,1,0.063,0.907,2.46e-06,0.354,0.456,166.598,200000,4
165,Eva & The Heartmaker,Twenty-four Something,2011-02-18,0.563,0.128,7,-13.166,1,0.0332,0.908,0,0.102,0.168,74.942,193987,3
166,Shawn Mendes,Never Be Alone,2015-02-10,0.387,0.473,10,-6.93,1,0.0345,0.461,5.04e-05,0.0839,0.261,200.764,215840,4
167,Kodaline,All I Want,2012-09-07,0.189,0.427,0,-9.08,1,0.0449,0.113,0.0923,0.058,0.158,187.212,306600,3
168,Gabriel Rios,Gold,2014-09-30,0.611,0.174,1,-9.482,1,0.0445,0.844,0.00142,0.121,0.199,120.757,251467,4
169,Júníus Meyvant,Pearl in Sandbox,2016-07-08,0.595,0.0626,8,-21.945,1,0.0452,0.917,0.0765,0.0987,0.259,126.337,403693,4
170,Lana Del Rey,Dark Paradise,2012-01-01,0.6,0.653,1,-8.309,0,0.0594,0.0953,0,0.122,0.43,119.994,243187,4
171,The Fray,Look After You,2005-09-13,0.447,0.592,6,-3.015,0,0.0319,0.0575,4.47e-06,0.13,0.283,78.039,266773,4
172,Mother's Daughter,Small Town Boy,2019-02-01,0.304,0.183,3,-11.836,1,0.0321,0.893,7.71e-05,0.0927,0.296,115.712,218085,4
173,Avril Lavigne,Wish You Were Here,2011-03-04,0.456,0.862,4,-3.818,1,0.05,0.0337,0,0.172,0.337,165.991,225680,4
174,Cat Power,Metal Heart,1998-09-22,0.439,0.337,6,-11.212,1,0.0276,0.873,0.0848,0.109,0.0493,115.244,242400,4
175,Howie Day,Collide,2003-10-07,0.636,0.625,11,-7.895,1,0.0277,0.222,5.35e-05,0.119,0.342,93.931,249120,4
176,The Script,The Man Who Can't Be Moved,2008-07-14,0.605,0.629,10,-5.051,1,0.0279,0.437,0,0.097,0.308,99.894,241373,4
177,Kodaline,Brother,2017-07-01,0.493,0.636,10,-5.894,1,0.049,0.341,0,0.201,0.228,120.136,201980,4
178,Lewis Capaldi,Someone You Loved,2018-11-08,0.501,0.405,1,-5.679,1,0.0319,0.751,0,0.105,0.446,109.891,182161,4
179,The Mistrals,7 Rings - Acoustic Version,2019-02-15,0.554,0.293,8,-9.789,0,0.0411,0.832,0,0.108,0.592,100.116,191311,4
180,Shawn Mendes,Mercy - Acoustic Guitar,2017-01-27,0.622,0.346,11,-6.522,0,0.0311,0.747,0,0.113,0.428,144.069,221200,4
181,Christina Perri,Jar of Hearts,2011-05-10,0.349,0.348,3,-6.142,1,0.0316,0.726,0,0.12,0.0886,74.541,246587,4
182,Franz Bengtsson,A Heart Made of Yarn,2020-02-21,0.338,0.102,10,-20.057,0,0.0432,0.987,0.943,0.124,0.0785,85.888,203070,3
183,Mano Vecina,La vérité,2020-02-18,0.374,0.00357,11,-21.408,0,0.0509,0.982,0.932,0.106,0.18,67.23,147407,4
184,Lenovie,Problématique,2020-03-24,0.401,0.036,9,-21.283,1,0.135,0.992,0.92,0.106,0.558,199.767,103147,3
185,Artemio Li Fonti,Buonanotte e sogni d’oro,2019-11-15,0.211,0.0106,7,-30.884,0,0.0387,0.98,0.842,0.0934,0.0394,67.363,224000,4
186,evighet.,Bibo No Aozora,2017-12-22,0.131,0.146,8,-15.946,0,0.0377,0.932,0.951,0.117,0.0796,92.425,198031,4
187,Jutila,October stroll,2019-11-15,0.468,0.0282,7,-28.772,0,0.0415,0.994,0.922,0.141,0.329,95.767,129250,3
188,Zara Hayward,That moment,2019-11-29,0.413,0.0792,10,-23.854,1,0.0487,0.996,0.968,0.111,0.426,91.33,106500,4
189,Philip Glass,Truman Sleeps - From “The Truman Show” / Short Version,2015-02-23,0.266,0.00361,8,-29.735,1,0.052,0.995,0.925,0.0723,0.0631,94.861,160453,4
190,Otto Totland,Solêr,2014-01-31,0.333,0.0634,3,-26.645,0,0.0516,0.994,0.927,0.136,0.45,168.232,155880,4
191,Alina Yanovna,Toska,2020-04-22,0.492,0.017,7,-24.705,0,0.0675,0.995,0.973,0.116,0.184,75.709,126889,3
192,Levandau,Reflective Distance,2019-11-26,0.509,0.0309,10,-28.694,0,0.0665,0.995,0.962,0.1,0.192,97.965,131736,4
193,Sufjan Stevens,Redford (for Yia-Yia and Pappou),2003-07-01,0.321,0.0394,8,-23.356,0,0.0349,0.994,0.914,0.106,0.0384,62.229,122027,4
194,Hania Rani,Esja,2019-04-05,0.416,0.127,4,-27.47,0,0.0408,0.987,0.901,0.104,0.176,143.155,261307,1
195,Jenifer Quai,No More,2019-11-26,0.473,0.0183,0,-25.025,0,0.0448,0.994,0.931,0.122,0.262,52.452,149119,4
196,Caitrìona Caitir,Morass,2019-08-09,0.158,0.0196,0,-27.568,0,0.0427,0.974,0.821,0.141,0.0542,69.626,130261,4
197,by Gunnarsson,Water,2018-04-27,0.276,0.113,3,-20.611,1,0.0346,0.96,0.95,0.0931,0.211,132.911,192000,3
198,Carl Bonet,Fluctuations of the Mind,2019-12-27,0.495,0.0152,0,-27.078,0,0.042,0.96,0.966,0.111,0.0547,79.62,196487,4
199,Kolbrun Stiger,Raðljóst,2019-08-09,0.379,0.078,2,-20.91,1,0.0384,0.975,0.95,0.106,0.0995,95.149,133746,4
200,Esperanza,Reminisce,2020-03-30,0.37,0.118,10,-26.125,1,0.0452,0.986,0.927,0.108,0.0978,95.863,183368,3
201,Elliot Ziegler,Guarda,2019-05-25,0.334,0.0471,10,-23.17,0,0.0496,0.994,0.966,0.107,0.313,136.455,98750,4
202,Midnite String Quartet,lovely,2019-11-01,0.28,0.104,4,-21.49,0,0.0419,0.962,0.683,0.0741,0.118,96.664,196283,4
203,Delit Quirion,Le marchand de sable est passé,2019-10-04,0.17,0.00965,7,-32.618,0,0.0381,0.994,0.895,0.116,0.0446,70.546,225000,4
204,Nikola Zolkiewska,Smoothness,2018-01-11,0.325,0.164,0,-17.19,0,0.0438,0.958,0.899,0.112,0.211,49.196,153846,3
205,Elder Lockhart,"Fac, si facis",2019-12-27,0.379,0.0345,4,-31.162,1,0.054,0.995,0.946,0.0884,0.288,73.364,104250,4
206,Leo Finka,Fade Away,2020-06-01,0.299,0.0138,6,-24.367,0,0.0437,0.989,0.907,0.11,0.108,61.947,168580,5
207,Martin Gauffin,Append,2020-06-19,0.43,0.142,5,-16.176,0,0.0337,0.886,0.961,0.0863,0.0724,71.885,141720,4
208,Landwerm,Dawn,2017-12-15,0.184,0.2,4,-16.465,1,0.0409,0.869,0.798,0.111,0.0381,86.196,109295,4
209,Milo Edale,Law of Attraction (solo version),2019-11-12,0.366,0.0264,9,-29.576,0,0.0497,0.986,0.914,0.112,0.0642,64.605,215156,3
210,CUVD Ensemble,Remembering Touch,2020-01-22,0.208,0.015,0,-30.307,0,0.0352,0.985,0.96,0.107,0.0887,99.934,239789,4
211,Agnes Obel,It's Happening Again (Instrumental),2016-11-18,0.116,0.251,10,-16.853,1,0.0322,0.78,0.905,0.48,0.0683,172.875,260287,3
212,Sumsar,Amorous Rebound Pt 2,2020-01-05,0.363,0.12,10,-20.54,0,0.0314,0.922,0.896,0.107,0.231,100.43,142017,1
213,Leon Noel,Mémorie d’amour,2019-08-11,0.546,0.0163,9,-31.775,0,0.0359,0.99,0.902,0.0975,0.249,81.998,204011,3
214,Yann Tiersen,"Comptine d'un autre été, l'après-midi",2001-04-23,0.484,0.192,2,-15.378,1,0.0465,0.991,0.908,0.106,0.0559,100.084,140733,4
215,8th Floor Wide,Cor Meum,2018-05-06,0.355,0.0285,7,-22.815,0,0.0407,0.988,0.932,0.109,0.0995,165.638,196923,4
216,Roman Jensen,Vorfreude,2020-05-30,0.423,0.0204,6,-25.586,0,0.052,0.995,0.932,0.105,0.274,131.555,148224,3
217,Milo Stavos,Perfection,2020-06-24,0.297,0.00634,10,-30.258,1,0.037,0.988,0.894,0.106,0.0741,68.417,227266,3
218,Fatima Fuentes,listen before I go,2019-08-16,0.425,0.0117,9,-24.166,0,0.0751,0.996,0.961,0.104,0.131,205.213,229625,4
219,Charlotte Funke,Episode,2018-03-27,0.368,0.00785,7,-30.75,1,0.047,0.992,0.966,0.102,0.181,74.686,150439,4
220,Marcel Leblanc,Marché St Quentin,2020-01-22,0.351,0.129,7,-20.754,1,0.0305,0.865,0.943,0.112,0.0676,68.004,185851,3
221,Cadet de l'espace,Soul Lotion,2018-06-15,0.213,0.00257,0,-31.156,0,0.04,0.987,0.897,0.163,0.14,68.041,210000,4
222,La Brea String Section,"A Time for us - From ""Romeo and Juliet""",2017-12-13,0.0705,0.235,10,-13.92,0,0.0363,0.848,0.755,0.0934,0.075,76.748,215684,4
223,Julius Aston,A Clear Mind,2018-05-08,0.268,0.0058,10,-31.607,1,0.0466,0.992,0.929,0.124,0.126,69.709,173697,3
224,Pataki Gisella,Zala,2019-08-10,0.331,0.231,5,-23.424,1,0.0445,0.982,0.963,0.0915,0.272,131.4,113625,3
225,Insignificant Others,Posthumous,2018-06-15,0.287,0.0144,0,-26.028,0,0.0449,0.994,0.937,0.109,0.138,60.833,189074,4
226,Edo Vibes,Shimbashi,2018-05-17,0.348,0.0189,9,-25.765,0,0.0454,0.994,0.944,0.113,0.21,67.563,182166,4
227,Wanderer's Trove,When It Hits You,2019-08-23,0.656,0.325,0,-7.83,0,0.0397,0.885,0.847,0.121,0.312,89.754,176122,4
228,Ave Air,The Music Box,2019-09-06,0.558,0.185,8,-18.487,0,0.0315,0.972,0.906,0.382,0.123,111.985,197679,3
229,Claude Allaire,1st Mvm. Sonate Au Clair De Lune,2007-07-24,0.395,0.128,1,-23.79,0,0.0437,0.995,0.916,0.0978,0.225,77.114,330733,1
230,Sigimund,The Watchtower,2016-07-20,0.248,0.0274,7,-28.768,0,0.0333,0.991,0.922,0.153,0.159,75.124,205578,1
231,Léonie Deval,Gran Pilastro,2018-10-18,0.536,0.087,9,-23.244,0,0.096,0.995,0.965,0.11,0.279,65.387,65000,4
232,Una Luna,Il Vicolo,2018-05-06,0.422,0.0454,3,-24.976,1,0.0489,0.961,0.93,0.107,0.14,118.184,200000,3
233,Danny Mulhern,Opening Titles,2018-10-12,0.43,0.0283,11,-31.791,0,0.036,0.979,0.781,0.264,0.112,154.396,150440,3
234,Milo Edale,Waltz For Tomorrow,2019-02-08,0.243,0.161,4,-12.17,0,0.0329,0.914,0.00109,0.111,0.204,73.174,128076,3
235,Charlie Key,Song for A,2016-07-16,0.466,0.00472,5,-28.546,1,0.0531,0.992,0.938,0.0712,0.233,81.181,145812,4
236,Moux,Back Home,2017-01-06,0.38,0.00163,10,-26.82,1,0.0472,0.993,0.96,0.134,0.402,69.924,160467,3
237,Diminuendo,Sweetness,2018-01-19,0.134,0.0913,4,-16.059,0,0.0416,0.976,0.956,0.101,0.0353,82.057,140148,4
238,Chieloka,Hiraeth,2019-06-14,0.0926,0.00624,7,-33.736,0,0.0394,0.989,0.867,0.106,0.0646,73.61,181000,4
239,Samuel Lindon,La Tour - Orchestral Version,2019-06-17,0.179,0.059,2,-18.992,0,0.0387,0.985,0.951,0.101,0.0845,74.702,139216,4
240,Teodor Wolgers,lament,2019-06-14,0.322,0.029,1,-27.033,0,0.0408,0.995,0.93,0.0799,0.146,129.529,183000,4
241,Snow in April,Magnolia,2019-07-19,0.332,0.0219,7,-21.982,0,0.0426,0.993,0.922,0.104,0.283,167.371,148407,3
242,Trevor Kowalski,Folk Story,2019-02-22,0.356,0.0464,8,-19.662,0,0.0328,0.959,0.895,0.133,0.0706,84.906,164632,4
243,Lorraine J. Kovach,Dear Lara,2019-02-10,0.582,0.0305,7,-20.496,0,0.095,0.995,0.964,0.111,0.445,76.68,83750,3
244,Les Clouds,Blessing In Disguise,2019-01-18,0.303,0.269,9,-17.458,0,0.0351,0.915,0.849,0.152,0.0368,102.55,231818,4
245,Evelyn Stein,Norwegian Beauty,2017-02-07,0.472,0.00555,7,-27.236,0,0.0488,0.996,0.938,0.0952,0.212,71.045,127850,4
246,Agnes Obel,September Song,2013,0.23,0.0969,0,-27.045,1,0.0415,0.934,0.76,0.106,0.129,134.774,202594,1
247,Billy Frame,Northern Light,2016-07-31,0.668,0.00506,5,-26.865,0,0.0617,0.969,0.856,0.115,0.563,119.96,191676,3
248,Clarence Öfwerman,Winter Waltz,2019-02-07,0.525,0.207,0,-15.488,0,0.163,0.995,0.962,0.119,0.33,69.449,225250,4
249,Goldmund,Clement Danes,2008-09-05,0.343,0.00564,10,-24.048,0,0.053,0.995,0.887,0.119,0.142,65.973,251907,4
250,Max Rossiter,Courte promenade,2019-02-10,0.511,0.0439,9,-20.239,0,0.0352,0.992,0.922,0.0874,0.423,100.836,80000,4
251,Joe Mentina,Lamento,2019-05-07,0.703,0.153,9,-23.74,0,0.057,0.992,0.961,0.0892,0.074,139.962,135029,4
252,Piotr Miteska,Squares of life,2016-07-20,0.27,0.0102,11,-22.34,0,0.0386,0.993,0.918,0.0919,0.06,71.967,165035,4
253,Smolenka,Eternal recall,2019-05-13,0.3,0.00625,11,-23.032,0,0.0367,0.97,0.84,0.11,0.158,146.828,136408,3
254,Evelyn Haidu,All That Was,2019-05-29,0.573,0.0135,0,-29.18,1,0.0771,0.995,0.968,0.0793,0.139,68.318,209932,4
255,Renato Luigi,Bergamo,2019-02-10,0.265,0.0365,0,-24.41,1,0.0501,0.991,0.926,0.0872,0.168,69.552,126888,4
256,Laura Frey,Acacia,2019-03-14,0.363,0.0969,9,-19.193,0,0.0378,0.992,0.94,0.109,0.434,100.421,95750,4
257,Mélanie Laurent,Début,2011-05-02,0.377,0.0239,0,-30.245,1,0.0403,0.99,0.882,0.0998,0.0629,119.263,160067,4
258,Projet Calmant,Impasse des Bourdonnais,2019-03-14,0.26,0.193,7,-23.638,0,0.0374,0.995,0.946,0.108,0.353,116.607,67896,3
259,Charles Bolt,Hush Now,2019-03-23,0.459,0.0808,2,-21.681,0,0.0806,0.994,0.97,0.1,0.331,151.728,109573,4
260,Jon Brion,Row - Score,2004-01-01,0.629,0.151,11,-19.033,1,0.0738,0.955,0.945,0.109,0.202,75.982,59933,4
261,Qiao Chu,Pacifique,2019-03-21,0.365,0.0323,0,-21.9,0,0.0626,0.987,0.95,0.106,0.208,65.08,64000,3
262,Eoin Henderson,Across the river,2019-03-21,0.492,0.119,10,-19.657,0,0.0674,0.994,0.929,0.112,0.135,117.185,55750,4
263,Filomena,Only Child,2019-03-21,0.376,0.0338,7,-18.648,1,0.0384,0.934,0.925,0.106,0.135,140.734,114875,1
264,Noemi Nucci,Vacillation,2019-03-21,0.376,0.0172,5,-21.885,1,0.0414,0.989,0.914,0.116,0.251,133.421,75667,1
265,Gavin Luke,Solace,2019-03-29,0.283,0.0609,7,-20.245,0,0.0334,0.977,0.861,0.102,0.101,72.947,162062,4
266,Joaquin Alejandro,Florentin,2019-04-03,0.375,0.0635,3,-24.017,0,0.0534,0.993,0.948,0.11,0.324,116.979,118361,4
267,Slow Meadow,Borderland Sorrows,2017-11-17,0.323,0.107,3,-19.463,1,0.0335,0.944,0.935,0.0792,0.0719,81.952,223985,4
268,Dilaz,On My Mind,2019-04-05,0.503,0.0395,11,-23.81,0,0.0374,0.987,0.888,0.119,0.202,97.45,195000,4
269,Enid Fergus,Massenet,2019-04-01,0.359,0.0294,8,-18.613,0,0.0447,0.984,0.924,0.106,0.281,98.452,271149,3
270,Jose Carcavelos,Camera Obscura,2019-04-03,0.375,0.0668,0,-20.308,0,0.0452,0.978,0.953,0.103,0.261,132.733,131186,3
271,Joan Sterling,Heliotrope,2019-04-04,0.357,0.136,1,-20.029,0,0.0357,0.98,0.952,0.11,0.228,155.585,132633,5
272,Max Swan,Downstreams,2018-05-06,0.403,0.0444,10,-25.15,0,0.0487,0.991,0.956,0.112,0.156,107.42,138810,4
273,Gavin Luke,Courage,2019-03-29,0.309,0.177,10,-20.914,1,0.0424,0.947,0.875,0.121,0.181,114.261,148720,4
274,Sufi Sheman,Sarabande,2019-04-04,0.558,0.0576,1,-21.296,0,0.0396,0.993,0.947,0.106,0.222,72.189,126545,4
275,Cauã Cavalcanti Azevedo,That kind of day,2019-03-21,0.232,0.119,9,-21.061,0,0.0373,0.993,0.903,0.106,0.34,195.998,148812,4
276,Linda Stinnett,Ladoga,2019-03-21,0.3,0.0719,3,-20.092,1,0.0434,0.982,0.912,0.0929,0.0779,199.311,135875,4
277,Leroy Denby,Ponderosa pine,2019-03-31,0.518,0.0535,6,-21.312,1,0.0515,0.996,0.935,0.109,0.248,76.198,171000,4
278,Elliot Ziegler,Portmeirion,2019-05-25,0.4,0.0944,9,-21.767,0,0.046,0.993,0.94,0.148,0.223,95.416,131000,4
279,Odin Sørlie,Lucida,2019-06-07,0.377,0.0306,5,-28.678,1,0.0423,0.995,0.92,0.108,0.235,93.243,127250,3
280,Jan Kubec,Toužebný,2019-06-07,0.218,0.041,4,-30.019,0,0.0426,0.992,0.845,0.113,0.382,176.439,134750,4
281,Mewael Yemane,In your eyes,2019-06-01,0.293,0.0911,3,-25.457,0,0.0539,0.99,0.94,0.101,0.216,117.453,136500,3
282,Johannes Bornlöf,Wolfpack,2019-06-07,0.367,0.0367,11,-23.052,0,0.0404,0.985,0.944,0.0919,0.0814,69.542,211620,3
283,Asta Hedegaard,My love is gone,2019-03-31,0.488,0.124,1,-20.653,0,0.0532,0.995,0.889,0.104,0.224,93.52,134500,3
284,Leon Noel,"Notre Dame, Notre Patrimoine",2019-04-22,0.497,0.0156,0,-32.479,0,0.0388,0.992,0.932,0.0933,0.243,81.645,192312,3
285,Vilhelm Brandt,In Your Arms,2019-04-23,0.796,0.0392,2,-19.34,0,0.066,0.994,0.958,0.0963,0.134,104.997,155706,3
286,Opus Monik,Mellifluous,2019-04-03,0.187,0.0906,0,-21.033,1,0.0384,0.899,0.961,0.11,0.0715,72.285,118295,3
287,Carmín Aponte,La mariposa,2019-03-31,0.391,0.142,7,-20.42,0,0.0339,0.994,0.887,0.111,0.655,111.491,134500,3
288,Amanda Björk,If she ever tells me,2019-04-05,0.397,0.0505,2,-20.018,0,0.0428,0.994,0.892,0.109,0.174,167.95,108187,4
289,Figaro Castello,Purple Dreams,2018-09-19,0.599,0.254,2,-23.687,0,0.0421,0.989,0.915,0.0928,0.34,113.971,147108,3
290,Arelius,Storm Trooper,2018-11-02,0.301,0.151,2,-19.589,0,0.038,0.976,0.866,0.109,0.114,143.107,138970,4
291,Rand Aldo,The Eternal Scene,2018-09-21,0.39,0.00633,8,-33.545,1,0.0423,0.98,0.943,0.0958,0.229,70.009,180824,4
292,Bruno Joel,Just a Dream,2019-05-06,0.549,0.0118,1,-26.07,1,0.0595,0.994,0.938,0.0985,0.273,69.533,135209,5
293,Johann Eder,In the Past,2019-05-20,0.151,0.0281,2,-27.972,0,0.0385,0.909,0.895,0.122,0.0536,78.815,116105,5
294,Max Richter,The End of All Our Exploring,2017-06-02,0.507,0.0249,3,-32.35,1,0.0409,0.995,0.931,0.0944,0.124,149.976,215333,4
295,Mavis Marchena,Broertje,2019-05-10,0.36,0.0656,10,-23.484,0,0.0547,0.996,0.965,0.0969,0.36,167.079,97000,3
296,Antoine Minot,Courage,2019-05-05,0.307,0.0484,5,-25.137,1,0.0455,0.989,0.92,0.122,0.0948,167.798,254071,3
297,Avaldi,Like When We were Young,2019-05-02,0.446,0.228,10,-22.732,1,0.0312,0.977,0.897,0.0903,0.278,170.89,320610,3
298,Simeon Walker,Turn,2017-11-24,0.379,0.0405,0,-25.601,0,0.0461,0.97,0.871,0.095,0.0927,115.295,372000,4
299,Tyra Lindqvist,Berceuse,2019-06-01,0.438,0.00573,1,-32.281,0,0.046,0.996,0.933,0.0782,0.466,126.731,159500,5
300,Wynton Davidson,Omnipresence,2019-04-09,0.488,0.0267,0,-24.199,0,0.0677,0.991,0.966,0.105,0.257,173.201,165000,4
301,Joseph McGrahl,Dreaming of You,2019-04-29,0.454,0.0281,2,-23.2,0,0.0343,0.968,0.882,0.084,0.0563,101.763,157372,4
302,Ellie Karing,Mio's Lullaby,2019-05-05,0.632,0.0456,8,-23.9,0,0.04,0.992,0.969,0.106,0.36,87.625,115750,4
303,Alexander Molina,Linger,2019-05-13,0.291,0.027,0,-27.265,0,0.0426,0.982,0.892,0.137,0.177,72.176,163013,3
304,Les Clouds,Travels/Memories,2018-10-30,0.406,0.107,0,-21.323,1,0.0454,0.994,0.913,0.121,0.106,140.309,184800,4
305,Crystal Fragments,Aquamarine,2019-05-20,0.263,0.0675,9,-24.308,0,0.0351,0.946,0.837,0.105,0.128,79.694,172525,4
306,Domenik Kalinsky,Sleepless,2019-06-14,0.191,0.236,1,-20.178,1,0.0454,0.94,0.915,0.104,0.0749,197.08,173021,4
307,Martin Lindgaarden,Montauk,2018-08-10,0.378,0.0369,3,-25.859,0,0.0369,0.99,0.896,0.101,0.12,71.997,178974,4
308,Sebastián Escofet,Progresión,2019-07-05,0.349,0.129,7,-18.857,1,0.032,0.746,0.778,0.0928,0.0778,74.918,109533,4
309,Karen Harding,Undo My Heart,2020-06-12,0.605,0.873,11,-6.267,1,0.035,0.0352,0.0041,0.0644,0.343,122.998,180419,4
310,BRONSON,HEART ATTACK (feat. lau.ra),2020-04-28,0.735,0.65,6,-5.815,0,0.0737,0.161,0.21,0.109,0.122,122.048,209600,4
311,Kygo,Someday,2020-05-29,0.612,0.686,7,-6.838,1,0.12,0.173,0,0.141,0.326,122.115,223716,4
312,Avicii,Heart Upon My Sleeve (feat. Imagine Dragons),2019-06-06,0.588,0.601,4,-5.983,0,0.0332,0.316,0,0.148,0.38,126.06,254166,3
313,EDX,I Found You (Neptune),2020-05-15,0.822,0.917,1,-4.689,1,0.0557,0.0204,0.0132,0.0746,0.893,124.023,158735,4
314,Coldplay,Something Just Like This - Tokyo Remix,2017-06-23,0.365,0.86,11,-6.996,0,0.0586,0.00173,0.00112,0.988,0.143,102.863,272987,4
315,Franky Wah,Come Together,2020-05-29,0.661,0.908,0,-5.023,1,0.03,0.00364,0.000164,0.233,0.187,127.989,187500,4
316,Nick Bateman,Forget the Money,2020-05-29,0.47,0.717,8,-5.889,0,0.308,0.223,0.568,0.314,0.516,149.93,160000,4
317,ILLENIUM,All Together (with OEKIIN),2019-08-16,0.437,0.688,5,-5.315,1,0.0364,0.0656,0,0.156,0.193,130.114,238558,4
318,Danny Olson,Hide and Seek - Don Diablo Edit,2020-04-17,0.369,0.452,6,-8.166,0,0.0464,0.397,0,0.0929,0.167,123.997,298064,4
319,Cyril M,Only You,2020-06-12,0.365,0.703,9,-8.384,1,0.057,0.459,0.000118,0.28,0.289,101.753,169143,4
320,Kaimo K,Black Light - Uplifting Mix,2020-01-17,0.443,0.994,7,-5.022,1,0.32,0.133,0.00666,0.327,0.162,137.988,233043,4
321,Alok,Never Let Me Go,2017-05-05,0.668,0.774,0,-5.377,1,0.038,0.383,5.82e-06,0.0863,0.493,123.992,183371,4
322,Goons,Catch 22,2019-09-13,0.618,0.683,4,-4.621,1,0.0936,0.0295,0,0.0753,0.333,126.029,188839,4
323,Bad Computer,Sanctuary,2019-07-09,0.783,0.761,7,-5.632,1,0.074,0.429,0.384,0.729,0.338,128.018,253599,4
324,ODESZA,Intro,2017-09-08,0.652,0.0475,9,-27.987,1,0.17,0.485,0.231,0.143,0.607,59.608,63972,3
325,Breathe Carolina,Better,2019-11-15,0.582,0.627,1,-7.573,1,0.258,0.225,0,0.192,0.427,119.806,196000,4
326,Anthony Keyrouz,Love Of My Life,2020-04-17,0.691,0.836,10,-6.933,1,0.248,0.188,0.00318,0.191,0.319,126.011,172370,4
327,Marshmello,Proud,2019-07-03,0.521,0.716,0,-4.999,1,0.0364,0.0372,0,0.148,0.12,77.562,191000,4
328,Hayden Haze,Ready For You,2020-05-22,0.538,0.859,8,-4.609,1,0.0384,0.0443,0.00274,0.143,0.275,127.984,226875,4
329,DubVision,Hope,2019-07-19,0.586,0.719,0,-6.142,1,0.042,0.00418,6.23e-06,0.134,0.344,124.912,203712,4
330,Hot Since 82,Remains of the Day,2019-07-26,0.698,0.842,6,-8.547,1,0.0356,0.000282,0.94,0.104,0.439,122.004,325574,4
331,Gareth Emery,Elise,2020-04-10,0.469,0.526,10,-12.986,1,0.0477,0.144,4.99e-05,0.101,0.14,129.966,234508,4
332,Avicii,Never Leave Me (feat. Joe Janiak),2019-06-06,0.629,0.662,4,-5.581,1,0.0939,0.303,0,0.0762,0.45,82.368,171726,4
333,GATTÜSO,I Will Play (Vip Remix),2019-07-26,0.577,0.76,3,-4.01,0,0.0332,0.124,8.42e-06,0.0863,0.316,127.904,224209,4
334,ILLENIUM,Angel - Lonely Prelude,2019-08-16,0.275,0.523,9,-10.406,1,0.0568,0.985,0.456,0.331,0.296,69.428,41290,3
335,Justus,Time To Say Goodbye (feat. Maria Mathea),2020-05-08,0.337,0.728,5,-5.298,1,0.0286,0.109,0.139,0.249,0.172,125.963,184442,4
336,Bruno Martini,Somebody That You Loved,2019-08-02,0.707,0.721,7,-7.0,0,0.039,0.329,0.000309,0.0819,0.444,109.977,215998,4
337,DJ Licious,Young Blood (feat. Bright Sparks),2019-10-18,0.637,0.809,1,-8.436,1,0.0446,0.164,0.432,0.0901,0.172,120.013,196737,3
338,William Black,Drown the Sky,2019-08-14,0.495,0.714,5,-5.058,1,0.0369,0.257,0,0.105,0.242,144.882,221793,4
339,Forester,We Found Home (feat. Kwesi),2020-06-19,0.587,0.647,0,-6.65,0,0.039,0.226,0,0.522,0.169,118.012,197288,4
340,Gareth Emery,Somebody,2019-12-06,0.63,0.68,8,-7.345,1,0.0346,0.102,0,0.0944,0.471,113.036,210004,4
341,Above & Beyond,Thing Called Love - Mat Zo Remix,2011,0.721,0.677,6,-7.436,1,0.0736,0.0284,0.76,0.091,0.727,128.015,512840,4
342,Excision,Oxygen,2019-09-13,0.516,0.62,4,-5.894,1,0.0325,0.266,0,0.116,0.148,145.067,218750,4
343,Kryder,Stay With Me,2020-06-19,0.595,0.663,2,-5.494,1,0.0315,0.0132,5.57e-05,0.119,0.402,126.972,186610,4
344,Ruben de Ronde,Shadow Of Us (Electronic Family 2019 Anthem),2019-06-28,0.595,0.781,1,-5.894,1,0.0461,0.00613,0.000195,0.244,0.334,127.983,183871,4
345,Avicii,Fades Away (feat. Noonie Bao),2019-06-06,0.53,0.525,0,-8.319,1,0.0585,0.228,2.2e-06,0.0812,0.225,134.236,178958,4
346,Rynx,All For You,2019-07-31,0.622,0.863,8,-6.072,0,0.0777,0.0709,7.21e-05,0.182,0.473,88.012,201573,4
347,ILLENIUM,Gorgeous (& Blanke with Bipolar Sunshine),2019-08-16,0.52,0.881,6,-4.249,0,0.116,0.047,0.000855,0.331,0.291,180.013,277317,4
348,Alex Kunnari,Heart Will Follow,2019-11-01,0.533,0.797,9,-4.989,1,0.032,0.061,0.0154,0.168,0.447,131.994,216406,4
349,Thomas Gold,Escape,2020-01-17,0.438,0.767,3,-4.335,1,0.0422,0.0173,0,0.116,0.244,127.96,191719,4
350,Gryffin,If I Left The World (feat. MARINA & Model Child),2019-10-24,0.251,0.673,3,-5.342,1,0.076,0.0782,0,0.0844,0.262,89.973,199919,4
351,Morgan Page,Footprints - Mokita Remix,2019-11-08,0.421,0.461,4,-12.708,1,0.0636,0.317,0,0.189,0.162,139.931,153979,4
352,for KING & COUNTRY,God Only Knows (GATTÜSO Remix),2019-05-31,0.545,0.889,2,-4.42,1,0.0448,0.00377,2.99e-05,0.103,0.429,144.039,198371,4
353,Kyau & Albert,I Feel Love - John Grand Remix,2019-11-15,0.5,0.94,10,-5.482,0,0.0439,8.97e-05,0.919,0.215,0.418,128.004,216094,4
354,Dimitri Vegas & Like Mike,Momentum - Michael Calfan Remix,2012-08-27,0.703,0.83,9,-3.839,1,0.0425,0.0033,0.909,0.213,0.0588,128.022,360000,4
355,Avicii,Ain't A Thing (feat. Bonn),2019-06-06,0.454,0.423,9,-7.286,1,0.0552,0.544,0,0.0538,0.245,170.162,183661,4
356,Midnight Kids,Innocence,2020-05-22,0.456,0.914,9,-8.9,1,0.0381,0.436,0.934,0.394,0.0393,120.018,112213,4
357,ILLENIUM,Good Things Fall Apart (with Jon Bellion),2019-08-16,0.643,0.603,2,-5.416,1,0.0311,0.012,0,0.118,0.42,144.01,216668,4
358,Basto,Gaia,2019-11-11,0.549,0.725,7,-9.979,1,0.0806,0.102,0.00124,0.0965,0.358,124.985,169719,4
359,Breathe Carolina,July - FRND Remix,2020-04-24,0.679,0.56,6,-7.526,0,0.0331,0.222,0.00026,0.163,0.377,115.035,204652,4
360,Tomas Heredia,Dandelion Rain,2019-08-02,0.472,0.795,7,-6.541,1,0.0396,0.00072,0.000497,0.19,0.116,128.081,198935,4
361,JLV,Never Coming Down,2019-12-05,0.636,0.768,0,-4.689,1,0.0306,0.308,0,0.149,0.351,126.054,195357,4
362,Throttle,Japan,2019-09-13,0.756,0.547,9,-10.033,1,0.0413,0.272,0.00742,0.113,0.234,121.995,212433,4
363,Mark Sixma,Meet Again,2019-09-27,0.674,0.766,5,-4.53,0,0.0524,0.0631,0,0.528,0.357,123.991,186308,4
364,Matt Maeson,Go Easy - Andrelli Remix,2019-11-22,0.657,0.703,10,-5.315,1,0.127,0.0167,0,0.0763,0.326,95.99,193318,4
365,Avicii,Hold The Line (feat. A R I Z O N A),2019-06-06,0.648,0.554,9,-7.005,1,0.0341,0.329,2.56e-05,0.0803,0.372,98.045,171786,4
366,Hybrid Minds,In Your Arms,2019-03-08,0.3,0.849,9,-2.908,1,0.0535,0.159,0.0091,0.0764,0.0556,87.002,252414,4
367,ILLENIUM,I Care - Intro,2019-08-16,0.164,0.0774,11,-15.546,0,0.0402,0.86,0.849,0.146,0.0384,182.19,33158,5
368,ARTY,Avalanche,2019-04-19,0.52,0.78,0,-8.782,1,0.0339,0.0816,0.816,0.256,0.231,128.02,191719,4
369,The Chainsmokers,Paris - FKYA Remix,2017-02-17,0.636,0.676,11,-6.285,0,0.0279,0.00246,1.02e-05,0.12,0.282,100.051,195707,4
370,Murtagh,10AM,2019-08-09,0.569,0.889,4,-7.684,1,0.0394,0.286,0.901,0.0824,0.346,127.03,308308,4
371,BRKLYN,Your Love,2015-11-27,0.445,0.947,5,-4.833,1,0.119,0.00491,0.000963,0.0809,0.244,127.927,254062,4
372,STANDERWICK,This Letter,2019-03-01,0.632,0.718,7,-6.806,1,0.0292,0.00245,0.00705,0.0971,0.465,131.983,205001,4
373,Klaas,Call Me When You Need Me,2019-06-28,0.675,0.695,10,-5.674,1,0.0557,0.419,0,0.174,0.453,125.02,205920,4
374,Alex Schulz,My Heart Is Your Heart - Club Edit,2020-03-06,0.642,0.864,2,-5.506,1,0.0717,0.00572,7.7e-06,0.19,0.286,126.0,199048,4
375,Kygo,Kids in Love (feat. The Night Game),2017-11-03,0.499,0.673,0,-4.505,1,0.0348,0.399,1.21e-06,0.208,0.301,121.87,263400,4
376,Paul Oakenfold,With You,2020-01-31,0.507,0.818,10,-6.171,1,0.0819,0.00915,3.23e-05,0.351,0.385,128.024,177252,4
377,ILLENIUM,In Your Arms (with X Ambassadors),2019-08-16,0.404,0.806,2,-4.75,1,0.0496,0.198,0,0.114,0.112,148.036,220730,4
378,Mark & Lukas,Our Home - Vince Forwards Remix,2020-01-24,0.701,0.569,1,-8.09,1,0.0488,0.0148,0.898,0.662,0.872,123.001,483000,4
379,Jordan Jay,Spinning Lights,2019-08-02,0.794,0.876,0,-3.705,1,0.174,0.0623,0.000388,0.117,0.552,126.027,145010,4
380,Hiatus,Delam,2016-12-09,0.346,0.215,6,-16.946,0,0.05,0.549,1.59e-06,0.366,0.246,76.285,136507,3
381,P!nk,Can We Pretend (feat. Cash Cash) - Bart B More Remix,2019-07-12,0.72,0.748,1,-5.205,0,0.0548,0.000231,0.000168,0.0541,0.299,125.061,249600,4
382,Manse,Time Of Our Lives,2017-01-27,0.601,0.868,3,-3.029,1,0.0341,0.0713,0.00021,0.174,0.326,124.943,180480,4
383,Axwell,Belong,2016-08-05,0.577,0.88,6,-2.916,1,0.0357,0.335,0.896,0.143,0.259,127.951,204375,4
384,Seven Lions,Only Now (feat. Tyler Graves),2020-02-21,0.384,0.808,7,-5.225,1,0.0397,0.00558,8.51e-06,0.116,0.195,149.926,211200,4
385,First State,Reverie - Dash Berlin Remix Edit,2012-03-30,0.423,0.75,4,-8.887,1,0.0986,0.0443,0.000523,0.364,0.339,133.761,214925,4
386,ILLENIUM,Hold On (with Georgia Ku),2019-08-16,0.506,0.744,9,-3.605,1,0.042,0.0463,6.62e-06,0.52,0.396,76.056,235263,4
387,Tobtok,The Stand Off (feat. Hayley May),2019-07-12,0.608,0.903,0,-5.108,0,0.0376,0.00603,0.567,0.0981,0.787,125.991,160060,4
388,Murtagh,9AM,2019-08-09,0.55,0.81,7,-8.673,1,0.0359,0.131,0.673,0.0719,0.135,124.011,317538,4
389,Kygo,Born To Be Yours,2018-06-15,0.688,0.688,3,-5.84,1,0.0357,0.3,0,0.0982,0.451,114.011,193321,4
390,Kölsch,Bloodline feat. Tomas Høffding,2015-06-08,0.397,0.447,6,-11.987,0,0.0312,0.0344,0.425,0.229,0.115,122.998,350813,4
391,Rave New World,Home,2020-04-09,0.386,0.66,10,-5.763,1,0.0349,0.0844,0,0.379,0.344,74.067,188800,4
392,Said the Sky,Never Gone,2018-07-20,0.28,0.646,2,-4.69,1,0.0413,0.179,3.59e-06,0.361,0.191,149.919,243200,4
393,Oliver Smith,Warehouse,2020-01-08,0.554,0.8,0,-6.059,0,0.0299,0.00696,0.00467,0.0817,0.244,127.977,246996,4
394,Duke Dumont,Love Song,2020-03-10,0.516,0.619,1,-6.321,1,0.0347,7.69e-05,0.506,0.103,0.0949,124.0,348456,4
395,ILLENIUM,Broken Ones (with Anna Clendening) [Last Heroes Remix],2020-05-15,0.426,0.758,10,-5.86,1,0.051,0.0115,0,0.236,0.157,150.052,198400,4
396,John De Sohn,Lovers For The Weekend,2020-04-24,0.571,0.775,3,-8.608,1,0.0477,0.00527,8.99e-06,0.156,0.384,105.951,170947,4
397,Jared Minnix,Hydroplane - Remix,2020-04-29,0.55,0.564,2,-6.995,1,0.0551,0.071,0,0.0826,0.362,153.826,254082,4
398,Thomas Hayes,Neon (Alluvion),2015-06-01,0.446,0.811,6,-5.369,1,0.0434,0.00363,8.82e-05,0.149,0.111,128.03,206719,4
399,George Ezra,Hold My Girl - Martin Jensen Remix,2018-11-23,0.638,0.667,10,-5.63,1,0.0528,0.327,1.27e-05,0.27,0.338,123.955,185345,4
400,Rico & Miella,Worth Fighting For (Otero Remix),2016-12-05,0.374,0.856,8,-4.184,1,0.253,0.177,0.000238,0.581,0.329,147.689,223796,4
401,Hybrid Minds,Drowning In You,2019-10-30,0.465,0.885,7,-2.284,1,0.0601,0.00671,0.000377,0.139,0.0539,173.974,217931,4
402,Markus Schulz,Love Me Like You Never Did (Radio Edit),2016-06-24,0.515,0.675,6,-4.801,1,0.0358,0.0356,0,0.15,0.216,128.14,212813,4
403,Fred V & Grafix,Hurricanes (Wild Love),2017-07-28,0.441,0.818,8,-5.88,1,0.044,0.0865,0.0106,0.103,0.0716,174.025,231695,4
404,The Chainsmokers,Takeaway (with ILLENIUM & Lennon Stella),2019-08-16,0.294,0.505,3,-8.106,1,0.042,0.12,0,0.0977,0.357,85.332,209893,1
405,Tom B.,Someday,2018-11-12,0.614,0.684,1,-8.123,1,0.031,0.0022,0.92,0.152,0.14,123.018,183533,4
406,Thomas Gold,Live A Little Louder,2020-04-03,0.531,0.771,10,-6.452,1,0.0491,0.00295,0.000197,0.182,0.483,128.012,186562,4
407,Nora Van Elken,Sequoia,2019-10-23,0.76,0.864,11,-7.024,1,0.0358,0.057,0.65,0.21,0.049,115.994,197077,4
408,ARMNHMR,Here With Me (feat. Nevve),2020-01-17,0.376,0.784,0,-3.856,1,0.0406,0.378,0,0.198,0.413,144.933,205241,4
409,Marshmello,Here With Me,2019-03-08,0.791,0.565,5,-3.933,0,0.0439,0.0623,0,0.156,0.181,99.961,156347,4
410,Kastra,U & Me,2019-08-02,0.652,0.82,7,-4.798,0,0.053,0.137,0.000359,0.106,0.355,126.046,210859,4
411,Prince Fox,Same Love,2019-11-22,0.556,0.722,5,-5.595,1,0.0344,0.0275,0,0.32,0.295,124.026,212000,4
412,DNKNN,Clorofilla,2019-12-20,0.625,0.752,8,-6.537,1,0.0402,0.00597,0.311,0.111,0.172,126.047,226905,4
413,Dimension,Love To Give,2020-03-06,0.454,0.977,11,-0.945,1,0.069,0.0819,0.00463,0.141,0.311,173.797,202774,4
414,DJ Funsize,Find the Light,2019-05-23,0.549,0.766,9,-7.902,1,0.0368,0.00621,0.000711,0.309,0.359,127.999,189375,4
415,Lane 8,Don't Let Me Go,2019-11-14,0.353,0.473,4,-10.471,1,0.0319,0.0861,0.311,0.104,0.13,123.974,274839,4
416,Klingande,Ready For Love (feat. Greg Zlap),2019-04-26,0.633,0.88,8,-4.808,1,0.158,0.0046,4.26e-06,0.775,0.441,124.037,178064,4
417,Armin van Buuren,I Need You,2017-01-06,0.6,0.863,8,-5.754,0,0.031,0.00168,0.00406,0.0939,0.223,106.997,206750,4
418,Keeno,At Twilight,2016-02-26,0.45,0.872,2,-5.312,1,0.0408,0.00315,0.83,0.071,0.2,175.025,250971,4
419,Teddy Beats,Hold Me,2019-07-26,0.75,0.666,0,-7.155,1,0.0315,0.0844,0.00253,0.118,0.53,109.982,219023,4
420,The Chainsmokers,Closer,2016-07-29,0.748,0.524,8,-5.599,1,0.0338,0.414,0,0.111,0.661,95.01,244960,4
421,West Coast Massive,Great Escape,2020-02-14,0.421,0.879,2,-3.939,1,0.0583,0.055,0,0.254,0.294,103.326,169515,4
422,Martin Garrix,Higher Ground (feat. John Martin),2020-05-14,0.442,0.619,1,-5.28,1,0.0321,0.0841,0,0.0889,0.382,128.318,206279,4
423,Paige,Always On Your Mind,2019-07-12,0.76,0.58,7,-8.085,1,0.0463,0.252,1.71e-06,0.284,0.669,115.067,177212,4
424,Above & Beyond,Prelude,2011,0.56,0.776,11,-6.882,0,0.0378,0.00452,0.444,0.117,0.226,131.995,345267,4
425,DJ DLG,Love,2020-05-20,0.762,0.801,0,-5.246,1,0.376,0.00323,0.399,0.221,0.6,126.058,183810,4
426,Sultan,Keep Moving - Radio Edit,2014-07-28,0.58,0.934,5,-3.359,1,0.0382,0.0978,0.00213,0.0626,0.587,129.991,188008,4
427,San Holo,Light - GOSLO Remix,2017-01-27,0.641,0.676,9,-4.461,1,0.0385,0.108,0,0.152,0.166,119.108,302506,4
428,Cosmic Gate,Awaken - Edit,2018-10-12,0.618,0.74,8,-7.159,0,0.0375,0.343,0.00583,0.436,0.251,127.988,221250,4
429,Mesto,Don't Worry (feat. Aloe Blacc),2019-11-29,0.741,0.733,1,-4.572,0,0.0367,0.143,0,0.103,0.549,125.962,175099,4
430,The Chainsmokers,Inside Out (feat. Charlee),2016-11-04,0.55,0.655,7,-5.874,0,0.0311,0.00296,1.54e-05,0.138,0.14,143.963,233573,4
431,Tritonal,When I'm With U - RetroVision Remix,2019-08-02,0.708,0.845,7,-3.882,1,0.0461,0.12,0,0.479,0.359,125.977,172381,4
432,Hybrid Minds,Higher Love,2019-07-24,0.47,0.853,2,-2.033,1,0.0767,0.0125,0.000103,0.147,0.0384,173.797,223448,4
433,Rohn Dahlberg,Believe in Love,2019-07-09,0.73,0.578,4,-10.341,0,0.0486,0.16,0.7,0.438,0.0474,122.0,330475,4
434,Thomas Gold,Got To Know,2020-04-24,0.721,0.755,11,-5.943,1,0.0309,0.0926,0,0.0706,0.622,126.031,146586,4
435,Robin M,Hangdrum,2019-12-06,0.68,0.717,4,-9.181,0,0.0344,0.121,0.884,0.0971,0.488,122.993,154634,4
436,Lucas Prata,Change The World - Tensteps Remix,2020-06-12,0.617,0.898,9,-3.075,1,0.0698,0.0429,0,0.479,0.46,131.966,229545,4
437,ARTY,Daydreams - Sultan + Shepard Echoes Of Life Remix,2020-01-10,0.669,0.793,1,-6.16,1,0.0403,0.0318,0.0372,0.555,0.159,121.995,220205,4
438,Thomas Hayes,Golden,2015-12-07,0.466,0.894,9,-4.67,1,0.066,0.00393,0,0.15,0.186,128.133,212813,4
439,Funk Machine,In My Arms,2020-01-24,0.703,0.675,11,-4.714,0,0.0513,0.0346,3.91e-06,0.0931,0.603,114.91,179478,4
440,3LAU,Better With You - Kastra & twoDB Remix,2019-07-10,0.563,0.85,3,-4.79,1,0.0845,0.0349,0,0.107,0.458,123.969,178065,4
441,Stadiumx,Know You Better,2019-07-18,0.588,0.83,2,-5.206,1,0.0423,0.0685,0,0.116,0.225,122.002,216393,4
442,Red Square,The Word (Go There) - Original Mix,2018-11-23,0.711,0.818,11,-2.836,0,0.195,0.139,1.74e-06,0.173,0.771,125.991,267667,4
443,Kygo,Only Us,2020-05-29,0.424,0.402,9,-10.652,1,0.0617,0.646,5.11e-06,0.104,0.199,82.002,202466,5
444,Cerus,Need You,2020-05-08,0.499,0.692,5,-5.446,0,0.0511,0.0603,1.01e-06,0.253,0.229,141.913,228380,4
445,Jonas Blue,All Night Long,2019-11-15,0.572,0.811,6,-4.874,0,0.066,0.00887,5.65e-06,0.124,0.332,125.946,206667,4
446,Consoul Trainin,Don't Say A Word,2019-09-27,0.578,0.706,1,-5.084,1,0.044,0.0328,0,0.0749,0.246,119.913,177267,4
447,Disco Killerz,Beautiful Life - GATTÜSO Remix,2019-02-01,0.574,0.625,7,-6.231,1,0.0439,0.00753,0,0.487,0.388,128.006,206475,4
448,Above & Beyond,We're All We Need (feat. Zoë Johnston),2015-01-20,0.565,0.484,3,-8.722,1,0.0424,0.744,0.000333,0.412,0.115,127.011,262427,4
449,Young Bombs,Loyal,2019-08-23,0.573,0.726,5,-4.63,0,0.0357,0.0275,0,0.171,0.5,102.959,196940,4
450,Jay Pryor,Finding Our Way,2019-08-23,0.773,0.804,9,-6.408,1,0.102,0.0243,1.3e-05,0.347,0.65,124.034,173258,4
451,AVIAN GRAYS,Endlessly - Eden Prince Remix,2020-05-15,0.715,0.77,2,-6.808,1,0.0393,0.0437,0.01,0.117,0.233,123.991,166392,4
452,Zonderling,Lifetime,2019-08-23,0.868,0.602,7,-5.358,1,0.0653,0.521,0.00187,0.0915,0.73,108.019,135556,4
453,Big Gigantic,You’re The One,2019-06-18,0.418,0.632,9,-3.823,0,0.0309,0.0542,0,0.0746,0.222,174.951,244000,4
454,Morgan Page,Our Song,2020-05-08,0.702,0.659,6,-4.485,1,0.0625,0.313,0,0.11,0.224,122.054,191539,4
455,Swanky Tunes,Till The End,2016-08-19,0.574,0.922,4,-3.104,1,0.0476,0.42,0.000189,0.146,0.232,108.005,195653,4
456,Tom Budin,Wandering Souls,2020-05-14,0.605,0.655,11,-7.946,1,0.0294,0.291,0.0445,0.0937,0.0719,124.008,246779,4
457,DECLÖ,No Lie - Original Mix,2019-02-14,0.602,0.93,2,-3.033,1,0.0403,0.121,4.62e-06,0.153,0.611,110.0,282358,4
458,Avicii,Lonely Together (feat. Rita Ora),2017-08-10,0.655,0.666,5,-5.309,1,0.0612,0.134,2.12e-05,0.0683,0.272,102.977,181812,4
459,Kygo,Say You Will,2020-05-29,0.593,0.43,0,-8.977,1,0.0431,0.304,0,0.0896,0.0955,122.09,207898,4
460,Midnight Kids,Serious (with Matthew Koma),2018-11-09,0.53,0.763,4,-3.348,1,0.0367,0.242,0,0.117,0.226,100.002,182400,4
461,Sam Smith,To Die For - Madism Remix,2020-03-05,0.596,0.657,0,-5.108,1,0.0387,0.646,0,0.102,0.321,102.054,161538,4
462,Sondr,Heartache,2020-05-01,0.336,0.856,11,-6.295,1,0.352,0.0249,0,0.111,0.392,98.056,191020,4
463,Corderoy,Close My Eyes - Don Diablo Edit,2016-03-28,0.751,0.591,2,-5.249,1,0.141,0.0381,5.61e-06,0.158,0.229,125.98,282402,4
464,George Acosta,Nite Time - Radio Edit,2011-04-18,0.509,0.607,1,-8.546,0,0.0823,0.0133,0.271,0.101,0.0611,129.924,228923,4
465,Jax Jones,All 4 U,2019-09-06,0.642,0.746,9,-7.324,1,0.0342,0.0064,0.0411,0.103,0.522,120.756,189013,4
466,Funkerman,Beautiful,2019-07-12,0.659,0.783,7,-5.57,1,0.0519,0.019,0.00444,0.394,0.285,123.995,234802,4
467,R Plus,Together - (Cedric Gervais Remix) [Edit],2020-05-08,0.645,0.89,0,-5.122,1,0.0288,0.0641,0.34,0.113,0.193,125.0,207360,4
468,Bassnectar,You & Me (feat. W. Darling),2014-06-24,0.495,0.743,7,-4.021,1,0.0341,0.000748,0.393,0.322,0.151,140.047,244286,4
469,Kaskade,More,2019-05-10,0.706,0.812,10,-5.503,1,0.0413,0.0167,0,0.368,0.482,123.025,191256,4
470,Cash Cash,I Found You,2020-02-28,0.646,0.761,1,-2.557,1,0.0385,0.0714,0,0.222,0.472,129.916,167308,4
471,GATTÜSO,Who We Are?,2018-06-29,0.479,0.919,0,-3.443,1,0.153,0.116,0.000139,0.152,0.388,127.001,215488,4
472,Markus Schulz,Destiny,2016-04-29,0.551,0.896,3,-5.291,0,0.063,0.0135,0.000125,0.368,0.187,129.977,227927,4
473,Steve Brian,Hyperwave - Radio Edit,2018-02-02,0.548,0.879,9,-6.312,1,0.0723,8.87e-05,0.000144,0.527,0.32,127.985,203438,3
474,Galantis,You,2014-02-18,0.184,0.871,8,-3.245,0,0.0661,0.00837,0.167,0.15,0.21,127.972,221286,4
475,Jordan Kelvin James,Ride,2020-06-12,0.66,0.58,0,-8.497,1,0.071,0.109,0,0.0665,0.214,122.047,248359,4
476,A R I Z O N A,Oceans Away - Sam Feldt Remix,2017-01-20,0.741,0.613,1,-9.347,1,0.0354,0.316,0.0316,0.0893,0.271,115.031,171109,4
477,KSHMR,My Best Life (feat. Mike Waters),2019-07-11,0.625,0.836,8,-2.884,0,0.224,0.0305,0,0.0867,0.675,105.023,212286,4
478,Disciples,On My Mind,2017-02-17,0.741,0.893,0,-2.549,0,0.0384,0.0435,3.19e-05,0.0371,0.733,122.056,185846,4
479,Gareth Emery,Hands - Original Mix,2015-08-31,0.604,0.783,7,-5.473,1,0.0619,0.00562,0.00293,0.351,0.301,128.025,314500,4
480,Cash Cash,Call You (feat. Nasri of MAGIC!),2018-11-30,0.494,0.767,10,-4.101,1,0.051,0.12,0,0.374,0.112,125.506,219451,3
481,Zack Martino,Crave U,2019-12-06,0.716,0.83,7,-6.063,0,0.0459,0.0806,0.00216,0.141,0.386,126.022,212381,4
482,Georgia,Never Let You Go - MK Remix (Edit),2019-09-16,0.601,0.834,1,-8.522,1,0.0361,0.00445,0.841,0.0558,0.488,124.965,203555,4
483,RÜFÜS DU SOL,Treat You Better,2018-10-19,0.599,0.539,8,-5.897,1,0.034,0.356,5.38e-06,0.102,0.188,121.947,273640,4
484,Galantis,Runaway (U & I),2015-06-05,0.506,0.805,1,-4.119,1,0.0469,0.00711,0.00193,0.0856,0.383,126.008,227074,4
485,Gryffin,Body Back (feat. Maia Wright) - Deniz Koyu Remix,2020-01-30,0.489,0.739,8,-5.049,1,0.0397,0.0573,9.76e-06,0.105,0.472,125.003,257400,4
486,Lujavo,I KNOW (Erick T Remix),2019-08-16,0.629,0.92,8,-5.587,1,0.045,0.0267,5.41e-05,0.276,0.764,122.005,238033,4
487,Culture Shock,There for You,2019-06-07,0.375,0.983,2,-2.235,1,0.0508,0.00297,0.691,0.107,0.157,173.975,204483,4
488,The Knocks,Colors,2019-08-09,0.675,0.839,0,-3.758,1,0.0635,0.0375,0.0606,0.226,0.252,121.066,203557,4
489,Starley,Arms Around Me - Bad Paris Remix,2020-05-01,0.749,0.751,10,-3.831,1,0.0348,0.0198,0,0.0341,0.387,114.026,189560,4
490,ILLENIUM,Crashing (feat. Bahari),2019-08-16,0.582,0.681,5,-6.138,1,0.0458,0.342,0,0.186,0.273,95.995,230000,4
491,Paul Woolford,You Already Know,2019-04-05,0.551,0.893,6,-6.594,1,0.035,0.0213,0.000211,0.0791,0.683,124.978,179266,4
492,Moksi,Slow Burn,2019-07-26,0.633,0.651,7,-6.814,0,0.0574,0.0632,0.00358,0.141,0.202,119.978,244303,4
493,Devault,Nothing But You (feat. Donnie Sloan & Ricky Ducati),2018-11-02,0.603,0.632,6,-9.499,1,0.0408,0.46,0.000218,0.0982,0.27,110.998,271200,4
494,Galantis,Gold Dust - East & Young Remix,2015-05-04,0.667,0.861,2,-4.53,1,0.0482,0.00142,0.00988,0.0613,0.264,126.0,293158,4
495,ODESZA,Higher Ground (feat. Naomi Wild),2017-09-08,0.629,0.852,1,-5.094,1,0.0521,0.0865,0.0215,0.263,0.415,104.997,215131,4
496,M-22,Can’t Stop Loving You,2020-03-13,0.693,0.847,11,-5.205,1,0.0458,0.00087,0.0034,0.131,0.374,124.002,185394,4
497,David Guetta,Thing For You (With Martin Solveig),2019-07-12,0.774,0.723,2,-5.545,1,0.0496,0.0395,1.82e-05,0.1,0.769,121.057,191399,4
498,Gryffin,Heading Home,2016-01-22,0.582,0.914,11,-4.097,1,0.0573,0.0119,0.000408,0.201,0.268,118.076,271147,4
499,DVBBS,Need U,2019-08-16,0.714,0.705,10,-6.479,1,0.0995,0.292,0.000386,0.126,0.471,114.994,219521,4
500,Young Bombs,Don't Let Them,2019-05-31,0.58,0.821,5,-3.603,1,0.0636,0.0928,0,0.146,0.572,119.919,147999,4
501,LVNDSCAPE,Waterfalls,2016-01-15,0.825,0.588,1,-5.823,0,0.0396,0.0383,0.000224,0.127,0.331,120.016,206500,4
502,Nora En Pure,Tears In Your Eyes,2017-06-19,0.638,0.773,11,-5.849,0,0.0795,0.0469,0.000172,0.313,0.353,119.984,215125,4
503,Druu,Just You & I,2018-09-14,0.591,0.835,9,-3.149,1,0.0371,0.0265,2.4e-06,0.0944,0.64,123.982,205161,4
504,Lane 8,The Rope (feat. POLIÇA) - Le Youth Remix,2020-03-05,0.565,0.824,2,-7.668,1,0.0308,0.0037,0.382,0.44,0.33,125.03,279081,4
505,M-22,First Time - Disco Fries Remix,2018-09-07,0.761,0.727,8,-5.441,1,0.0458,0.0656,0.397,0.126,0.42,123.987,207339,4
506,Octave Minds,Anthem,2014-09-15,0.284,0.488,0,-9.432,1,0.0339,0.148,0.919,0.118,0.038,119.907,330000,4
507,Seven Lions,Strangers,2014-04-29,0.579,0.697,0,-7.429,0,0.0394,0.0142,1.6e-06,0.157,0.49,129.967,204213,4
508,Gryffin,OMG (with Carly Rae Jepsen),2019-07-31,0.552,0.623,6,-5.766,1,0.0532,0.0122,0.0123,0.106,0.616,177.973,215737,4
509,Surf Mesa,ily (i love you baby) (ARTY Remix) [feat. Emilee],2020-05-04,0.554,0.866,11,-3.649,0,0.0325,0.00262,0.000148,0.238,0.319,125.087,187330,4
510,Breathe Carolina,My Love,2018-09-21,0.675,0.749,2,-7.063,1,0.093,0.00885,0,0.111,0.404,122.138,144918,4
511,EDX,We Can't Give Up,2017-09-08,0.79,0.605,8,-9.939,1,0.0754,0.291,0.0016,0.143,0.425,122.991,158573,4
512,DallasK,Sometimes,2019-03-29,0.726,0.775,0,-6.903,0,0.0687,0.0494,0.000457,0.359,0.575,121.947,182951,4
513,A-Trak,What Can I Do,2019-11-22,0.813,0.719,10,-7.992,0,0.0405,0.0508,0.873,0.048,0.62,123.989,375702,4
514,Sam Feldt,Hold Me Close (feat. Ella Henderson),2020-03-27,0.654,0.795,0,-4.419,1,0.0536,0.178,0,0.19,0.465,120.019,185750,4
515,The Magician,You and Me,2020-05-15,0.646,0.814,7,-5.263,0,0.0437,0.000415,0.0305,0.0882,0.117,121.043,214959,4
516,Autograf,You Might Be (feat. Lils) - Spotify Edit Audio,2017-03-31,0.668,0.714,7,-5.93,1,0.0994,0.319,0.185,0.1,0.395,114.032,190000,4
517,Axwell /\ Ingrosso,I Love You,2017-07-28,0.643,0.868,0,-4.03,1,0.15,0.3,0,0.119,0.71,114.895,190987,4
518,Gryffin,Nobody Compares To You (feat. Katie Pearlman),2019-10-24,0.59,0.764,2,-4.735,1,0.0467,0.229,0,0.192,0.331,104.911,231291,4
519,Boston Bun,Missing You,2017-06-16,0.675,0.811,0,-6.966,0,0.0629,0.00301,0.0413,0.126,0.271,126.023,207265,4
520,EDX,Breathin' - Radio Mix,2014-07-14,0.689,0.829,8,-6.324,1,0.0494,0.0453,0.000154,0.181,0.139,119.041,173067,4
521,Bazzi vs.,Beautiful - Bazzi vs. Hook N Sling's Spectrums Remix,2018-07-06,0.678,0.881,2,-3.081,1,0.0484,0.0739,0,0.111,0.5,109.981,170727,4
522,Party Pupils,Love Me For The Weekend (with Ashe),2018-11-16,0.662,0.711,5,-5.171,0,0.226,0.0495,0,0.0691,0.557,114.914,226957,4
523,Bob Dylan,Knockin' On Heaven's Door,1973-07-13,0.513,0.396,7,-13.061,1,0.0299,0.251,0.177,0.11,0.229,140.208,149880,4
524,The Goo Goo Dolls,Over You,2019-09-13,0.589,0.633,7,-5.15,1,0.0235,0.00506,1.39e-06,0.172,0.479,84.063,174374,3
525,Plain White T's,Hey There Delilah,2005-01-01,0.656,0.291,2,-10.572,1,0.0293,0.872,0,0.114,0.298,103.971,232533,4
526,Coldplay,Champion Of The World,2019-11-20,0.503,0.596,7,-7.094,1,0.0263,0.0028,0.0112,0.109,0.167,108.897,257547,4
527,Paul Simon,50 Ways to Leave Your Lover,1975-10-25,0.815,0.372,7,-12.814,1,0.0752,0.166,0.000116,0.0767,0.293,101.684,217347,4
528,John Mayer,I Guess I Just Feel Like,2019-02-22,0.556,0.528,4,-8.033,1,0.0266,0.615,0.0964,0.122,0.163,159.821,285480,4
529,Damien Rice,Cannonball,2003-03-24,0.642,0.284,1,-15.317,1,0.0326,0.845,0.000234,0.113,0.439,147.874,310000,4
530,The Lumineers,Salt And The Sea,2019-09-13,0.63,0.31,9,-9.253,1,0.028,0.704,0.0011,0.128,0.0712,93.067,270893,4
531,Katie Melua,Nine Million Bicycles,2005-09-23,0.534,0.247,0,-15.636,1,0.0322,0.516,0.00859,0.122,0.344,82.168,197160,4
532,Seafret,Most of Us Are Strangers,2020-01-09,0.526,0.447,7,-7.03,0,0.0357,0.772,0,0.046,0.336,78.699,222587,4
533,Monica Heldal,Boy from the North,2013-10-18,0.275,0.325,8,-10.99,0,0.032,0.585,0.00177,0.122,0.0753,92.075,284320,4
534,Leonard Cohen,"Hey, That's No Way to Say Goodbye",1967-12-27,0.442,0.25,10,-13.017,1,0.0314,0.893,1.76e-05,0.103,0.285,138.906,176520,4
535,Milow,Ayo Technology,2009-04-23,0.775,0.657,11,-7.645,0,0.0338,0.641,0,0.0999,0.776,128.06,213640,4
536,Sam Fender,Two People,2019-09-13,0.398,0.204,9,-10.845,1,0.0296,0.88,2.35e-06,0.108,0.0425,92.04,236653,4
537,Ed Sheeran,I Don't Care - Acoustic,2019-05-31,0.706,0.349,6,-8.125,1,0.0302,0.791,0,0.108,0.624,94.058,238220,4
538,Band of Horses,No One's Gonna Love You (Stockholm Version),2018-04-06,0.599,0.198,1,-8.557,1,0.0581,0.953,0.000127,0.0994,0.214,141.987,228646,4
539,Ray LaMontagne,Trouble,2004-09-14,0.32,0.451,7,-11.753,1,0.0427,0.329,0.000174,0.338,0.513,173.083,241733,3
540,The Lumineers,It Wasn't Easy To Be Happy For You,2019-07-19,0.765,0.373,2,-5.321,1,0.0302,0.854,0,0.0949,0.379,89.099,214067,4
541,Alec Benjamin,Must Have Been The Wind,2019-06-13,0.653,0.644,7,-6.204,1,0.0572,0.784,0.000205,0.166,0.363,88.976,179300,4
542,Coldplay,Everglow,2016-11-10,0.425,0.257,4,-8.467,1,0.0321,0.968,0.0181,0.115,0.341,144.479,227507,4
543,Bon Iver,Holocene,2011-05-21,0.379,0.306,1,-14.446,1,0.0305,0.942,0.323,0.123,0.157,147.902,336613,4
544,Lily Allen,"Somewhere Only We know - Live from Spotify, London",2014-04-28,0.349,0.33,10,-8.65,1,0.0357,0.891,3.42e-05,0.736,0.16,76.71,227927,4
545,Calexico,Midnight Sun,2019-05-02,0.488,0.413,11,-11.957,1,0.0338,0.517,0.253,0.0909,0.199,152.609,254507,4
546,Ed Sheeran,Lego House,2011-09-09,0.592,0.637,11,-8.48,1,0.0992,0.562,0,0.13,0.565,159.701,185093,4
547,Lady Gaga,Always Remember Us This Way,2018-10-05,0.553,0.502,0,-5.972,1,0.0409,0.299,0,0.764,0.296,129.976,210200,4
548,Roo Panes,Tiger Striped Sky,2014-10-06,0.473,0.317,2,-10.324,1,0.0318,0.944,0.0124,0.11,0.132,139.899,241720,4
549,The Lumineers,Left For Denver,2019-08-16,0.737,0.118,5,-11.78,1,0.0338,0.908,5.21e-05,0.102,0.453,88.732,196653,4
550,George Ezra,Budapest,2014-06-27,0.714,0.451,5,-8.268,1,0.0276,0.0883,0,0.108,0.406,127.787,200720,4
551,Jack Johnson,Sunsets For Somebody Else,2017-08-04,0.709,0.228,7,-7.975,1,0.0326,0.838,2.2e-05,0.146,0.597,113.098,210480,4
552,Chris Stapleton,I Want Love,2018-03-16,0.414,0.494,10,-6.18,1,0.0275,0.0547,0.000345,0.0941,0.275,139.096,272800,4
553,The Script,Run Through Walls,2019-11-08,0.337,0.66,2,-3.644,1,0.0324,0.226,0,0.744,0.49,158.864,206693,4
554,First Aid Kit,Fireworks,2018-01-19,0.502,0.483,8,-7.173,1,0.0247,0.597,1.37e-06,0.108,0.243,92.579,254547,3
555,Iron & Wine,Autumn Town Leaves,2018-08-31,0.657,0.32,1,-15.104,1,0.031,0.857,0.00125,0.144,0.39,115.724,195200,4
556,Jade Bird,Uh Huh - Acoustic,2018-09-21,0.368,0.441,4,-6.656,1,0.0457,0.599,0,0.145,0.297,192.461,171971,4
557,Hozier,Movement,2018-11-14,0.436,0.466,1,-6.808,0,0.0393,0.0998,9.33e-05,0.0927,0.151,71.984,237120,4
558,Savage Garden,I Knew I Loved You,1999-11-09,0.61,0.497,9,-9.88,1,0.0279,0.32,6.11e-05,0.0884,0.739,85.031,250360,4
559,Bombay Bicycle Club,Dust On The Ground,2010-01-01,0.605,0.319,10,-10.892,1,0.0306,0.757,0.00237,0.116,0.273,109.603,243752,4
560,Adele,When We Were Young,2016-02-05,0.381,0.594,3,-5.97,1,0.0486,0.348,0,0.0925,0.273,143.86,290907,4
561,Jack Johnson,My Mind Is For Sale,2017-07-14,0.816,0.667,2,-7.236,1,0.135,0.689,0.00021,0.13,0.766,97.92,239867,4
562,Martin Gauffin,Found,2019-08-23,0.517,0.397,0,-14.281,1,0.0289,0.901,0.867,0.11,0.195,100.005,159049,4
563,Tom Odell,Half As Good As You (feat. Alice Merton),2018-10-26,0.602,0.431,0,-5.03,1,0.032,0.687,0,0.108,0.419,82.958,210859,4
564,Charlie Cunningham,Sink In,2019-03-12,0.514,0.448,8,-15.414,0,0.05,0.829,0.0318,0.106,0.281,82.001,200467,4
565,Paolo Nutini,Last Request,2007-01-30,0.605,0.704,5,-6.564,1,0.0476,0.241,0,0.137,0.4,80.925,220413,4
566,John Smith,The Time Has Come,2018-10-05,0.671,0.223,6,-12.887,1,0.0293,0.853,0.0293,0.113,0.251,115.488,172400,4
567,George Ezra,Hold My Girl,2018-03-23,0.614,0.527,10,-6.374,1,0.0302,0.597,0,0.11,0.354,121.941,211764,4
568,Smith & Thell,Feathers & Gasoline,2017-05-12,0.53,0.7,6,-7.956,1,0.0329,0.624,0.000866,0.129,0.243,169.995,237876,4
569,Elina,Free,2019-09-06,0.627,0.213,10,-12.634,1,0.0349,0.877,0,0.204,0.18,92.054,199463,4
570,Alexander Cardinale,Simple Things (feat. Christina Perri),2019-06-26,0.653,0.731,0,-6.156,1,0.0372,0.227,0,0.461,0.458,111.973,187508,4
571,Noah Gundersen,BAD DESIRE,2017-08-11,0.593,0.273,0,-9.239,1,0.0292,0.893,0.00214,0.104,0.209,60.983,253821,4
572,Family of the Year,Let Her Go,2018-05-18,0.545,0.508,7,-7.012,1,0.0297,0.211,0,0.0944,0.31,145.981,192627,4
573,Kings of Convenience,Mrs. Cold,2009-01-01,0.755,0.366,3,-13.459,1,0.0548,0.86,0.0655,0.111,0.674,96.317,186467,4
574,Lewis Watson,Fly When I Fall,2019-08-23,0.568,0.339,8,-10.351,1,0.0297,0.211,0,0.0785,0.202,119.69,250400,3
575,Kristofer Greczula,You're Not Alone,2017-09-08,0.269,0.494,0,-8.31,1,0.0532,0.481,0,0.127,0.321,76.5,217800,4
576,Bruno Mars,When I Was Your Man,2012-12-07,0.612,0.28,0,-8.648,1,0.0434,0.932,0,0.088,0.387,72.795,213827,4
577,Etta James,At Last - Single Version,1960,0.168,0.326,5,-9.981,1,0.0324,0.721,0.0006,0.316,0.322,174.794,182400,3
578,Crying Day Care Choir,Bigger Heart (Acoustic),2019-10-04,0.419,0.113,2,-15.591,1,0.0458,0.943,0.000654,0.139,0.534,160.121,288731,3
579,Taylor Swift,Lover,2019-08-16,0.359,0.543,7,-7.582,1,0.0915,0.492,1.57e-05,0.118,0.453,68.504,221307,4
580,Isak Danielson,I Am Falling In Love,2018-10-19,0.67,0.396,5,-7.967,1,0.03,0.256,0,0.112,0.359,77.988,248000,4
581,Billy Raffoul,When We Were Young,2019-09-27,0.592,0.36,4,-10.157,1,0.146,0.783,0,0.306,0.551,90.351,183012,4
582,Calum Scott,Dancing On My Own,2016-06-03,0.608,0.174,1,-8.796,1,0.0332,0.851,1.92e-05,0.0855,0.193,112.175,260004,4
583,Mipso,People Change,2018-02-23,0.374,0.276,7,-14.945,1,0.0353,0.884,0.0123,0.122,0.412,80.169,212853,4
584,Henriette Linja,Travel the World,2019-08-30,0.511,0.0739,11,-15.786,0,0.0383,0.94,0.000546,0.104,0.0636,129.932,258462,4
585,Tom Odell,Summer Day,2019-04-05,0.754,0.709,3,-7.476,1,0.0551,0.857,3.14e-05,0.096,0.701,112.02,178942,4
586,Florence + The Machine,Sky Full Of Song,2018-04-12,0.533,0.32,8,-8.819,1,0.0316,0.731,1.65e-05,0.154,0.291,98.036,226160,4
587,Kayla Stockert,Where Did You Go,2019-08-04,0.718,0.429,7,-7.73,1,0.0428,0.325,0,0.143,0.266,129.977,186923,4
588,RHODES,Wishes,2015-09-18,0.247,0.543,2,-7.087,1,0.0422,0.144,3.13e-06,0.117,0.153,73.005,253773,4
589,Daniel Merriweather,Red,2009-06-01,0.422,0.67,4,-5.955,1,0.0292,0.107,0,0.11,0.119,95.797,233213,4
590,Erik Nordblad,Lost,2019-09-20,0.679,0.546,4,-7.414,1,0.0702,0.445,0,0.146,0.609,94.963,196162,4
591,Lewis Capaldi,Before You Go,2019-11-19,0.459,0.575,3,-4.858,1,0.0573,0.604,0,0.0885,0.183,111.881,215107,4
592,LØLØ,Dancing in the Dark,2019-06-03,0.743,0.472,11,-8.957,1,0.0996,0.291,7.87e-05,0.0942,0.462,144.992,178472,4
593,Tiz McNamara,Days Like These,2019-09-20,0.358,0.293,3,-11.372,1,0.0376,0.776,3.63e-05,0.107,0.214,88.014,208027,5
594,Michael Schulte,Let It Go,2019-10-25,0.682,0.491,0,-6.217,0,0.0436,0.595,0,0.0977,0.314,118.052,177076,4
595,Endre Nordvik,I'm In Love with You,2017-01-20,0.541,0.46,9,-9.53,0,0.0262,0.335,0.000164,0.469,0.395,79.994,227252,4
596,Volcan Peaks,To Let You In,2019-05-31,0.63,0.664,2,-8.046,1,0.0261,0.17,0.0713,0.105,0.443,131.993,196364,4
597,Plàsi,Who Are We,2016-04-23,0.563,0.31,2,-9.484,1,0.0343,0.852,2.58e-05,0.102,0.369,72.988,273438,4
598,Phosphorescent,C'est La Vie No.2,2018-10-05,0.739,0.396,0,-10.514,1,0.0438,0.961,0.32,0.0828,0.672,116.031,205824,4
599,James Arthur,Falling Like The Stars,2019-05-10,0.296,0.351,6,-9.538,1,0.0351,0.823,1.5e-06,0.11,0.19,177.596,212720,3
600,Joshua Radin,"Here, Right Now",2019-07-12,0.496,0.391,10,-9.844,1,0.0311,0.826,0.0126,0.108,0.492,108.868,183213,4
601,Lewis Capaldi,Hold Me While You Wait,2019-05-03,0.688,0.53,11,-5.507,1,0.0333,0.443,0,0.0995,0.162,106.958,205687,4
602,ViVii,Suckerpunch,2018-10-12,0.499,0.472,6,-8.03,0,0.0274,0.19,0.0436,0.106,0.361,130.182,238173,4
603,Courtney Marie Andrews,Rough Around the Edges,2018-03-23,0.382,0.267,2,-8.8,1,0.0289,0.924,0.000293,0.0858,0.216,121.656,251693,3
604,Noah Kahan,Mess,2019-03-01,0.576,0.85,10,-3.989,1,0.0627,0.136,0,0.0821,0.542,81.996,212827,4
605,Ben Howard,Only Love,2011-01-01,0.545,0.485,8,-9.941,1,0.151,0.3,0.00137,0.119,0.341,80.401,249173,4
606,Volcan Peaks,Dreamers Of The Shore,2019-03-29,0.648,0.704,2,-8.419,1,0.0325,0.833,0.000252,0.362,0.438,107.97,171908,4
607,Charlie Cunningham,"You Sigh (Live from Spotify, London)",2017-08-04,0.711,0.28,5,-11.603,0,0.0477,0.385,0.0236,0.799,0.407,93.069,203947,4
608,James Bay,Peer Pressure (feat. Julia Michaels),2019-02-22,0.631,0.715,1,-6.083,0,0.0277,0.0299,0,0.121,0.42,135.826,176880,4
609,Luke Sital-Singh,Late for the Sky,2018-01-12,0.501,0.103,0,-14.375,1,0.0333,0.971,8.59e-05,0.0751,0.152,82.763,307952,4
610,Ed Sheeran,Perfect Duet (Ed Sheeran & Beyoncé),2017-11-30,0.587,0.299,8,-7.365,1,0.0263,0.779,0,0.123,0.356,94.992,259550,3
611,James Arthur,Quite Miss Home,2019-10-18,0.578,0.43,10,-6.396,1,0.0282,0.608,2.67e-06,0.117,0.156,136.824,243187,4
612,Gavin James,Nervous,2016-03-11,0.543,0.673,7,-10.046,1,0.0384,0.375,7.65e-05,0.127,0.159,83.102,216200,4
613,Juke Ross,Wasted Time,2019-09-10,0.68,0.749,9,-5.696,0,0.119,0.093,0,0.106,0.525,114.126,194991,4
614,Endre Nordvik,I Believe,2017-08-25,0.539,0.333,9,-11.521,1,0.0273,0.608,2e-06,0.128,0.197,101.229,239279,4
615,Sval,Young Alien,2019-04-12,0.686,0.516,1,-9.141,1,0.0379,0.107,9.46e-06,0.122,0.251,129.923,191608,4
616,The Shires,I Just Wanna Love You,2015-02-23,0.587,0.398,3,-9.965,1,0.0278,0.435,5.23e-06,0.155,0.309,145.9,233053,4
617,Benjamin Francis Leftwich,Elephant,2019-09-20,0.489,0.472,3,-7.138,1,0.0289,0.687,0.00116,0.123,0.264,130.035,204153,4
618,Lauren Daigle,You Say,2018-09-07,0.494,0.637,5,-6.381,1,0.0333,0.669,0,0.0882,0.1,147.924,274693,4
619,Ea Kaya,Back of Your Head,2019-08-30,0.585,0.529,1,-6.898,1,0.0422,0.297,0,0.0678,0.265,79.983,234220,4
620,Paul Rey,Tear Me Down,2018-06-15,0.515,0.238,11,-10.506,1,0.0678,0.849,0,0.108,0.19,96.875,177093,5
621,Bear's Den,Laurel Wreath,2019-03-04,0.49,0.755,8,-4.496,1,0.0394,0.113,0.000176,0.112,0.358,132.01,273960,4
622,Half Moon Run,Flesh and Blood,2019-09-13,0.451,0.735,5,-5.516,1,0.0295,0.0266,0,0.106,0.178,88.784,297573,4
623,The National,Light Years,2019-05-17,0.544,0.316,4,-11.666,1,0.0307,0.95,0.7,0.0978,0.173,124.989,213373,4
624,Snow Patrol,Time Won't Go Slowly,2019-07-02,0.364,0.342,8,-14.98,1,0.0874,0.492,0.00169,0.184,0.355,159.802,221480,3
625,Wilco,Love Is Everywhere (Beware),2019-07-16,0.313,0.52,7,-9.436,1,0.0298,0.12,0.452,0.0993,0.511,144.249,213128,3
626,Calexico,Father Mountain,2019-03-21,0.413,0.537,6,-8.994,1,0.0292,0.547,7.25e-05,0.115,0.752,153.792,174053,4
627,Charlie Cunningham,Permanent Way,2019-02-12,0.561,0.55,8,-17.419,1,0.037,0.77,0.476,0.0921,0.446,147.01,252080,4
628,Better Oblivion Community Center,Dylan Thomas,2019-01-23,0.593,0.807,2,-7.994,1,0.0372,0.00012,0.000226,0.0944,0.521,116.072,216787,4
629,Fruit Bats,A Lingering Love,2019-06-21,0.617,0.793,2,-9.098,1,0.0263,0.0731,0.53,0.119,0.357,100.981,216560,4
630,The Slow Show,Low,2019-08-30,0.55,0.208,2,-17.36,1,0.0293,0.75,0.761,0.174,0.04,108.918,289217,4
631,Bear's Den,Crow,2019-04-16,0.515,0.367,9,-9.076,1,0.0302,0.789,0.701,0.0495,0.14,120.024,296800,3
632,Ten Fé,Isn't Ever A Day,2019-03-08,0.665,0.756,6,-6.355,0,0.028,0.00446,0.748,0.312,0.763,131.025,284653,4
633,The Teskey Brothers,Man Of The Universe,2019-06-07,0.685,0.858,5,-4.68,1,0.0392,0.258,0,0.197,0.882,108.151,249693,4
634,Mighty Oaks,Like An Eagle,2018-12-21,0.557,0.514,3,-10.51,1,0.0332,0.338,0.238,0.113,0.327,81.761,249627,4
635,Black Sea Dahu,Rhizome,2019-09-27,0.275,0.47,0,-10.385,1,0.0554,0.466,0.00015,0.102,0.267,160.715,257326,3
636,Calexico,Years to Burn,2019-06-14,0.533,0.169,10,-16.999,1,0.0283,0.511,0.0467,0.0824,0.328,106.681,187499,3
637,Ásgeir,Youth,2019-10-30,0.573,0.638,9,-8.7,0,0.0265,0.356,0.122,0.125,0.397,109.96,210467,4
638,Freedom Fry,Rio Grande,2019-06-21,0.583,0.574,4,-7.298,0,0.0283,0.488,9.04e-05,0.118,0.331,79.998,271594,4
639,Alice Phoebe Lou,Fynbos,2019-03-08,0.426,0.19,7,-12.68,0,0.0429,0.902,0,0.0917,0.0638,65.042,211644,3
640,Fruit Bats,Ocean,2019-06-04,0.557,0.275,0,-13.191,1,0.0417,0.85,0.123,0.112,0.296,165.768,198307,4
641,flora cash,You're Somebody Else,2020-03-06,0.706,0.46,1,-9.061,1,0.0296,0.847,0.00796,0.106,0.23,102.984,219013,4
642,chloe moriondo,Manta Rays,2020-06-26,0.49,0.847,4,-3.852,1,0.0901,0.421,0,0.097,0.488,149.825,213120,4
643,Hanreti,Shine On,2019-02-07,0.454,0.61,4,-12.149,1,0.029,0.0227,0.238,0.0894,0.325,141.626,324533,4
644,Peter Bjorn and John,Bones,2019-02-22,0.623,0.38,6,-11.153,1,0.0364,0.947,0.0158,0.129,0.157,123.882,231613,4
645,Rolling Blackouts Coastal Fever,In the Capital,2019-02-27,0.247,0.852,1,-5.142,1,0.0397,0.00154,0.57,0.124,0.481,81.565,245826,4
646,Kurt Vile,Baby's Arms,2019-09-30,0.492,0.526,11,-6.279,0,0.0348,0.878,0.00435,0.275,0.348,82.12,284640,4
647,Khruangbin,August 10,2018-01-26,0.596,0.401,4,-12.586,0,0.0383,0.0159,0.894,0.16,0.739,82.082,265410,4
648,The Ivy,Thirty Eight,2020-04-24,0.595,0.685,11,-6.383,1,0.0278,0.152,0,0.1,0.353,136.005,230266,4
649,Quiet Island,Drunk,2018-10-05,0.532,0.735,6,-6.707,1,0.0324,0.371,0.0235,0.0972,0.265,104.049,233973,4
650,Shannon Lay,August,2019-08-08,0.436,0.451,5,-9.705,0,0.0301,0.675,3.37e-06,0.113,0.348,120.157,168013,4
651,Will Butler,Surrender,2020-07-14,0.259,0.879,10,-7.569,1,0.102,0.0817,0.0173,0.112,0.449,187.101,229067,4
652,Whitney,Used To Be Lonely,2019-08-14,0.56,0.404,8,-9.067,1,0.0288,0.877,0.00948,0.0932,0.356,103.477,228960,4
653,Friska Viljor,All is good,2018-12-31,0.572,0.225,4,-12.843,1,0.0298,0.899,1.51e-06,0.102,0.108,112.03,223975,4
654,Lea Porcelain,I Am Ok,2019-04-05,0.66,0.643,0,-8.653,1,0.0547,0.612,0.0798,0.119,0.0777,113.947,240298,4
655,Black Sea Dahu,Thaw,2019-07-26,0.532,0.244,2,-17.651,1,0.0369,0.493,0.0491,0.106,0.11,91.948,229956,4
656,Dekker,This Here Island,2019-09-20,0.7,0.291,10,-11.277,1,0.067,0.855,0.000696,0.105,0.529,97.831,243499,4
657,Fruit Bats,The Bottom of It,2019-04-03,0.495,0.625,5,-10.728,1,0.0466,0.138,0.0175,0.117,0.293,77.773,181400,4
658,Bon Iver,Naeem,2019-08-08,0.37,0.404,0,-10.362,1,0.0438,0.801,0.019,0.679,0.162,125.271,262267,4
659,The Day,Tenderfoot,2020-02-14,0.495,0.749,10,-8.037,1,0.0273,0.0223,0.0024,0.128,0.603,81.012,128704,4
660,Bruce Hornsby,Cast-Off,2019-03-22,0.559,0.493,8,-8.742,1,0.0361,0.684,0.0116,0.109,0.184,99.891,316853,4
661,KEØMA,Rich Man,2019-05-10,0.508,0.563,1,-7.773,1,0.028,0.000642,0.0954,0.112,0.221,115.962,236751,4
662,Menke,Youth,2019-09-27,0.741,0.465,0,-11.458,0,0.0322,0.488,0.0792,0.102,0.74,118.067,195267,4
663,Tycho,Outer Sunset,2020-02-28,0.716,0.695,8,-11.146,1,0.0449,0.514,0.916,0.0933,0.693,96.994,250384,4
664,Asaf Avidan,Lost Horse,2020-05-15,0.716,0.7,5,-5.742,0,0.0417,0.0331,0.0065,0.14,0.552,75.528,233759,4
665,The Whitest Boy Alive,Serious,2020-03-06,0.714,0.473,0,-13.602,1,0.0375,0.242,0.0493,0.143,0.806,99.972,178999,4
666,Niklas Paschburg,Spark,2018-02-09,0.36,0.41,10,-16.215,0,0.0374,0.947,0.854,0.104,0.0352,89.904,264045,4
667,Whitney,Valleys (My Love),2019-07-17,0.57,0.61,11,-7.146,1,0.0347,0.632,0.567,0.099,0.504,88.674,236453,4
668,Dayglow,Can I Call You Tonight?,2019-11-14,0.641,0.842,9,-7.27,1,0.0292,0.132,0.91,0.419,0.5,129.98,278769,4
669,Lola Marsh,Only For A Moment,2019-10-17,0.741,0.726,0,-5.844,1,0.0417,0.235,1.37e-05,0.101,0.768,140.003,167333,4
670,Milky Chance,Don't Let Me Down,2020-05-01,0.854,0.674,0,-7.32,1,0.0597,0.345,9.82e-05,0.12,0.729,109.958,200391,4
671,JONAH,Ocean Wide,2020-04-24,0.559,0.353,6,-9.732,0,0.0323,0.513,0.161,0.18,0.237,149.945,184516,3
672,Aldous Harding,Treasure,2019-04-26,0.607,0.154,9,-12.44,0,0.0468,0.949,0.000823,0.0901,0.35,135.543,251520,4
673,Tycho,Alright,2020-02-28,0.669,0.658,9,-10.313,1,0.0293,0.082,0.873,0.51,0.506,127.998,242484,4
674,Real Estate,Paper Cup - Edit,2020-02-28,0.596,0.71,9,-6.196,1,0.0288,0.353,0.0215,0.326,0.663,122.04,227853,4
675,Billie Marten,Cartoon People,2019-04-04,0.715,0.207,10,-14.154,1,0.0336,0.912,0,0.13,0.247,109.043,213539,4
676,boy pablo,honey,2020-07-13,0.656,0.628,0,-10.161,1,0.0339,0.304,0.074,0.135,0.715,144.036,254886,4
677,Luke Sital-Singh,Los Angeles,2019-01-10,0.597,0.324,2,-12.884,1,0.0307,0.821,0.0581,0.142,0.419,148.139,213981,4
678,Lucy Rose,Save Me From Your Kindness,2019-03-22,0.478,0.18,0,-15.507,1,0.0323,0.943,0.104,0.0729,0.184,143.973,227947,4
679,Kishi Bashi,F Delano,2019-04-04,0.244,0.801,0,-6.023,1,0.0425,0.163,0.00034,0.496,0.533,201.619,204107,4
680,Whitney,Rain,2020-05-25,0.627,0.401,4,-11.341,0,0.0337,0.681,0.000112,0.0993,0.559,79.382,228695,4
681,The Sweet Serenades,City Lights,2020-03-27,0.604,0.602,9,-9.648,0,0.0305,0.00775,0.881,0.115,0.271,129.984,290773,4
682,Aldous Harding,The Barrel - Radio Edit,2019-02-20,0.738,0.424,11,-8.189,1,0.033,0.744,8.42e-05,0.121,0.603,87.077,219511,4
683,Phoebe Bridgers,Kyoto,2020-04-09,0.594,0.746,11,-6.94,1,0.0425,0.0374,0.288,0.0961,0.504,131.007,184534,4
684,Ten Fé,Coasting,2019-01-10,0.641,0.591,7,-6.612,1,0.029,0.0402,0.0191,0.215,0.445,130.967,259813,4
685,Benjamin Francis Leftwich,The Mess We Make,2019-02-15,0.394,0.181,6,-15.221,1,0.0381,0.9,2.21e-05,0.0995,0.303,119.557,207164,4
686,Brittany Howard,Stay High,2019-07-16,0.598,0.853,9,-5.373,1,0.0546,0.132,0.00298,0.132,0.315,122.012,191396,1
687,Kiasmos,Blurred,2017-10-06,0.853,0.406,4,-11.658,1,0.0483,0.587,0.855,0.09,0.0825,122.009,305547,3
688,Khruangbin,So We Won't Forget,2020-06-16,0.645,0.417,2,-13.22,1,0.0987,0.0302,0.851,0.183,0.967,101.298,298333,4
689,Bibio,Curls,2019-02-06,0.497,0.348,9,-10.593,1,0.0285,0.879,0.796,0.722,0.227,82.176,197933,4
690,COMA,A-Train,2019-11-22,0.574,0.721,0,-7.872,1,0.1,0.651,0.0995,0.295,0.564,100.01,299299,4
691,Tash Sultana,Pretty Lady,2020-04-09,0.471,0.602,2,-7.302,1,0.132,0.705,5.73e-06,0.0936,0.573,118.193,277908,4
692,Future Islands,For Sure,2020-07-08,0.584,0.76,10,-5.724,1,0.0299,0.0475,0.187,0.0843,0.782,134.989,205250,4
693,Dekker,"Tethered, Wrapped Around",2019-08-09,0.769,0.238,1,-11.598,1,0.0555,0.798,0.0461,0.116,0.706,92.093,195955,4
694,Kate Bollinger,I Don't Wanna Lose,2019-06-21,0.5,0.463,7,-10.764,1,0.0583,0.34,0.00221,0.209,0.331,141.941,200828,4
695,Cassia,Drifting,2020-05-22,0.744,0.553,6,-8.845,0,0.0493,0.227,1.06e-05,0.158,0.404,101.138,224000,4
696,Phoebe Bridgers,Garden Song,2020-02-26,0.371,0.256,0,-16.7,1,0.227,0.868,0.00507,0.112,0.171,195.674,220065,4
697,Jesse Mac Cormack,No Love Go,2019-02-07,0.624,0.69,10,-6.014,1,0.0301,0.0659,0.00136,0.086,0.589,97.483,242052,4
698,Yoke Lore,Chin Up,2019-03-29,0.611,0.592,1,-10.922,1,0.0351,0.612,0.00461,0.103,0.322,130.843,265213,4
699,Bibio,Old Graffiti,2019-03-26,0.639,0.914,10,-7.189,0,0.0394,0.277,0.802,0.0382,0.966,94.823,208853,4
